[{"model": "counts.item", "pk": 0, "fields": {"item_code": "MG1186", "description": "1/2 Gallon Milk", "rack": "Dock", "price": 1.0, "recurrance": 4, "scale_rule": "111", "type": "Undefined", "food_group": "Undefined"}}, {"model": "counts.item", "pk": 1, "fields": {"item_code": "MG1063", "description": "Gallon Milk", "rack": "Dock", "price": 1.0, "recurrance": 4, "scale_rule": "111", "type": "Undefined", "food_group": "Undefined"}}, {"model": "counts.item", "pk": 2, "fields": {"item_code": "MG1024", "description": "Ground Turkey (90% Lean) 1lb.", "rack": "Frozen", "price": 1.0, "recurrance": 4, "scale_rule": "111", "type": "Undefined", "food_group": "Undefined"}}, {"model": "counts.item", "pk": 3, "fields": {"item_code": "MG1380", "description": "Chicken Breast- 3 pc", "rack": "Frozen", "price": 1.0, "recurrance": 4, "scale_rule": "111", "type": "Undefined", "food_group": "Undefined"}}, {"model": "counts.item", "pk": 4, "fields": {"item_code": "MG1048", "description": "Chicken Quarters 10 lbs.", "rack": "Frozen", "price": 1.0, "recurrance": 4, "scale_rule": "111", "type": "Undefined", "food_group": "Undefined"}}, {"model": "counts.item", "pk": 5, "fields": {"item_code": "MG1241", "description": "HALAL Ground Chicken  1lb.", "rack": "Frozen", "price": 1.0, "recurrance": 4, "scale_rule": "111", "type": "Undefined", "food_group": "Undefined"}}, {"model": "counts.item", "pk": 6, "fields": {"item_code": "MG1385P", "description": "HALAL Chicken Quarters  10 lbs.", "rack": "Frozen", "price": 1.0, "recurrance": 4, "scale_rule": "111", "type": "Undefined", "food_group": "Undefined"}}, {"model": "counts.item", "pk": 7, "fields": {"item_code": "MG1286", "description": "Whole Strawberries - Frozen 16 oz.", "rack": "Frozen", "price": 1.0, "recurrance": 4, "scale_rule": "111", "type": "Undefined", "food_group": "Undefined"}}, {"model": "counts.item", "pk": 8, "fields": {"item_code": "MG1181", "description": "Broccoli Cuts 14.4 oz.", "rack": "Frozen", "price": 1.0, "recurrance": 4, "scale_rule": "111", "type": "Undefined", "food_group": "Undefined"}}, {"model": "counts.item", "pk": 9, "fields": {"item_code": "MG1178", "description": "Mixed Vegetables 16 oz.", "rack": "Frozen", "price": 1.0, "recurrance": 4, "scale_rule": "111", "type": "Undefined", "food_group": "Undefined"}}, {"model": "counts.item", "pk": 10, "fields": {"item_code": "MG1034", "description": "Eggs One Dozen Medium Grade A", "rack": "Dock", "price": 1.0, "recurrance": 4, "scale_rule": "111", "type": "Undefined", "food_group": "Undefined"}}, {"model": "counts.item", "pk": 11, "fields": {"item_code": "MG1056", "description": "Shredded Cheddar Jack 8 oz.", "rack": "Dock", "price": 1.0, "recurrance": 4, "scale_rule": "111", "type": "Undefined", "food_group": "Undefined"}}, {"model": "counts.item", "pk": 12, "fields": {"item_code": "MG1131", "description": "Grated Parmesan Cheese 8 oz.", "rack": "Dry Rack 2", "price": 1.0, "recurrance": 4, "scale_rule": "111", "type": "Undefined", "food_group": "Undefined"}}, {"model": "counts.item", "pk": 13, "fields": {"item_code": "MG1203", "description": "Cottage Cheese (Small Curd) 16 oz.", "rack": "Dock", "price": 1.0, "recurrance": 4, "scale_rule": "111", "type": "Undefined", "food_group": "Undefined"}}, {"model": "counts.item", "pk": 14, "fields": {"item_code": "MG1214", "description": "Yogurt - Plain 32 oz.", "rack": "Dock", "price": 1.0, "recurrance": 4, "scale_rule": "111", "type": "Undefined", "food_group": "Undefined"}}, {"model": "counts.item", "pk": 15, "fields": {"item_code": "MG1384P", "description": "Tofu Extra Firm 15.5 oz.", "rack": "Cooler Rack", "price": 1.0, "recurrance": 4, "scale_rule": "111", "type": "Undefined", "food_group": "Undefined"}}, {"model": "counts.item", "pk": 16, "fields": {"item_code": "MG1187", "description": "SS Almond Milk 32 oz", "rack": "Dry Rack 2", "price": 1.0, "recurrance": 4, "scale_rule": "111", "type": "Undefined", "food_group": "Undefined"}}, {"model": "counts.item", "pk": 17, "fields": {"item_code": "MG1013", "description": "Corn Low Sodium 15 oz.", "rack": "Dry Rack 1", "price": 1.0, "recurrance": 4, "scale_rule": "111", "type": "Undefined", "food_group": "Undefined"}}, {"model": "counts.item", "pk": 18, "fields": {"item_code": "MG1014", "description": "Sweet Peas NS 15 oz.", "rack": "Dry Rack 1", "price": 1.0, "recurrance": 4, "scale_rule": "111", "type": "Undefined", "food_group": "Undefined"}}, {"model": "counts.item", "pk": 19, "fields": {"item_code": "MG1039", "description": "Green Beans NS 15 oz", "rack": "Dry Rack 1", "price": 1.0, "recurrance": 4, "scale_rule": "111", "type": "Undefined", "food_group": "Undefined"}}, {"model": "counts.item", "pk": 20, "fields": {"item_code": "MG1015", "description": "Mixed Vegetables Low Sodium 15 oz.", "rack": "Dry Rack 1", "price": 1.0, "recurrance": 4, "scale_rule": "111", "type": "Undefined", "food_group": "Undefined"}}, {"model": "counts.item", "pk": 21, "fields": {"item_code": "MG1043", "description": "Tomato Sauce 15 oz.", "rack": "Dry Rack 1", "price": 1.0, "recurrance": 4, "scale_rule": "111", "type": "Undefined", "food_group": "Undefined"}}, {"model": "counts.item", "pk": 22, "fields": {"item_code": "MG1016", "description": "Diced Tomatoes LS 14.5 oz.", "rack": "Dry Rack 1", "price": 1.0, "recurrance": 4, "scale_rule": "111", "type": "Undefined", "food_group": "Undefined"}}, {"model": "counts.item", "pk": 23, "fields": {"item_code": "MG1011P", "description": "Chunk Light Tuna 5 oz.", "rack": "Dry Rack 1", "price": 1.0, "recurrance": 4, "scale_rule": "111", "type": "Undefined", "food_group": "Undefined"}}, {"model": "counts.item", "pk": 24, "fields": {"item_code": "MG1212", "description": "Black Beans NS 15 oz.", "rack": "Dry Rack 2", "price": 1.0, "recurrance": 4, "scale_rule": "111", "type": "Undefined", "food_group": "Undefined"}}, {"model": "counts.item", "pk": 25, "fields": {"item_code": "MG1006", "description": "Pinto Beans 15 oz.", "rack": "Dry Rack 2", "price": 1.0, "recurrance": 4, "scale_rule": "111", "type": "Undefined", "food_group": "Undefined"}}, {"model": "counts.item", "pk": 26, "fields": {"item_code": "MG1040P", "description": "Peaches Natural Juice - Can 15 oz.", "rack": "Dry Rack 1", "price": 1.0, "recurrance": 4, "scale_rule": "111", "type": "Undefined", "food_group": "Undefined"}}, {"model": "counts.item", "pk": 27, "fields": {"item_code": "MG1041P", "description": "Pears Natural Juice - Can 15 oz.", "rack": "Dry Rack 1", "price": 1.0, "recurrance": 4, "scale_rule": "111", "type": "Undefined", "food_group": "Undefined"}}, {"model": "counts.item", "pk": 28, "fields": {"item_code": "MG1062P", "description": "Pineapple Chunks - Can 20 oz.", "rack": "Dry Rack 1", "price": 1.0, "recurrance": 4, "scale_rule": "111", "type": "Undefined", "food_group": "Undefined"}}, {"model": "counts.item", "pk": 29, "fields": {"item_code": "MG1195", "description": "Toasted Os 17.63 oz.", "rack": "Dry Rack 2", "price": 1.0, "recurrance": 4, "scale_rule": "111", "type": "Undefined", "food_group": "Undefined"}}, {"model": "counts.item", "pk": 30, "fields": {"item_code": "MG1028", "description": "Corn Flakes 17.63 oz.", "rack": "Dry Rack 2", "price": 1.0, "recurrance": 4, "scale_rule": "111", "type": "Undefined", "food_group": "Undefined"}}, {"model": "counts.item", "pk": 31, "fields": {"item_code": "MG1021", "description": "Quick Oats  14 oz.", "rack": "Dry Rack 2", "price": 1.0, "recurrance": 4, "scale_rule": "111", "type": "Undefined", "food_group": "Undefined"}}, {"model": "counts.item", "pk": 32, "fields": {"item_code": "MG1059", "description": "White Instant Grits 24 oz.", "rack": "Dry Rack 2", "price": 1.0, "recurrance": 4, "scale_rule": "111", "type": "Undefined", "food_group": "Undefined"}}, {"model": "counts.item", "pk": 33, "fields": {"item_code": "MG1018", "description": "Peanut Butter 18 oz.", "rack": "Dry Rack 2", "price": 1.0, "recurrance": 4, "scale_rule": "111", "type": "Undefined", "food_group": "Undefined"}}, {"model": "counts.item", "pk": 34, "fields": {"item_code": "MG1381", "description": "Cracked Wheat - Medium 16 oz.", "rack": "Dry Rack 2", "price": 1.0, "recurrance": 4, "scale_rule": "111", "type": "Undefined", "food_group": "Undefined"}}, {"model": "counts.item", "pk": 35, "fields": {"item_code": "MG1007", "description": "Brown Rice 16 oz.", "rack": "Dry Rack 2", "price": 1.0, "recurrance": 4, "scale_rule": "111", "type": "Undefined", "food_group": "Undefined"}}, {"model": "counts.item", "pk": 36, "fields": {"item_code": "MG1010", "description": "Spaghetti Noodles 16 oz.", "rack": "Dry Rack 2", "price": 1.0, "recurrance": 4, "scale_rule": "111", "type": "Undefined", "food_group": "Undefined"}}, {"model": "counts.item", "pk": 37, "fields": {"item_code": "MG1022", "description": "Egg Noodles 12 oz.", "rack": "Dry Rack 1", "price": 1.0, "recurrance": 4, "scale_rule": "111", "type": "Undefined", "food_group": "Undefined"}}, {"model": "counts.item", "pk": 38, "fields": {"item_code": "MG1050", "description": "Elbow Macaroni 16 oz.", "rack": "Dry Rack 2", "price": 1.0, "recurrance": 4, "scale_rule": "111", "type": "Undefined", "food_group": "Undefined"}}, {"model": "counts.item", "pk": 39, "fields": {"item_code": "MG1005", "description": "Dry Pinto Beans 16 oz.", "rack": "Dry Rack 2", "price": 1.0, "recurrance": 4, "scale_rule": "111", "type": "Undefined", "food_group": "Undefined"}}, {"model": "counts.item", "pk": 40, "fields": {"item_code": "MG1001", "description": "Dry Black Beans 16 oz.", "rack": "Dry Rack 2", "price": 1.0, "recurrance": 4, "scale_rule": "111", "type": "Undefined", "food_group": "Undefined"}}, {"model": "counts.item", "pk": 41, "fields": {"item_code": "MG1386P", "description": "Dry Garbanzo Beans 16 oz.", "rack": "Dry Rack 2", "price": 1.0, "recurrance": 4, "scale_rule": "111", "type": "Undefined", "food_group": "Undefined"}}, {"model": "counts.item", "pk": 42, "fields": {"item_code": "MG1382P", "description": "Lentil 16 oz.", "rack": "Dry Rack 1", "price": 1.0, "recurrance": 4, "scale_rule": "111", "type": "Undefined", "food_group": "Undefined"}}, {"model": "counts.item", "pk": 43, "fields": {"item_code": "MG1383P", "description": "Barley 16 oz.", "rack": "Dry Rack 1", "price": 1.0, "recurrance": 4, "scale_rule": "111", "type": "Undefined", "food_group": "Undefined"}}, {"model": "counts.item", "pk": 44, "fields": {"item_code": "MG1136", "description": "100% Whole Wheat Bread 16 oz.", "rack": "Bakery Trays", "price": 1.0, "recurrance": 4, "scale_rule": "111", "type": "Undefined", "food_group": "Undefined"}}, {"model": "counts.item", "pk": 45, "fields": {"item_code": "MG1139", "description": "Hamburger Buns - 8", "rack": "Bakery Trays", "price": 1.0, "recurrance": 4, "scale_rule": "111", "type": "Undefined", "food_group": "Undefined"}}, {"model": "counts.item", "pk": 46, "fields": {"item_code": "MG1164", "description": "WW Pita Bread 7\"  5 ct 12 oz.", "rack": "Bakery Trays", "price": 1.0, "recurrance": 4, "scale_rule": "111", "type": "Undefined", "food_group": "Undefined"}}, {"model": "counts.item", "pk": 47, "fields": {"item_code": "MG0030", "description": "Bananas - 4", "rack": "Dock", "price": 1.0, "recurrance": 4, "scale_rule": "111", "type": "Undefined", "food_group": "Undefined"}}, {"model": "counts.item", "pk": 48, "fields": {"item_code": "MG0032", "description": "Grapes 2lbs. ", "rack": "Cooler Rack", "price": 1.0, "recurrance": 4, "scale_rule": "111", "type": "Undefined", "food_group": "Undefined"}}, {"model": "counts.item", "pk": 49, "fields": {"item_code": "MG0031", "description": "Iceberg Lettuce - Head", "rack": "Cooler Rack", "price": 1.0, "recurrance": 4, "scale_rule": "111", "type": "Undefined", "food_group": "Undefined"}}, {"model": "counts.item", "pk": 50, "fields": {"item_code": "MG0025", "description": "Collard Greens - Bunch", "rack": "Cooler Rack", "price": 1.0, "recurrance": 4, "scale_rule": "111", "type": "Undefined", "food_group": "Undefined"}}, {"model": "counts.item", "pk": 51, "fields": {"item_code": "MG0009", "description": "Cabbage - Head", "rack": "Cooler Rack", "price": 1.0, "recurrance": 4, "scale_rule": "111", "type": "Undefined", "food_group": "Undefined"}}, {"model": "counts.item", "pk": 52, "fields": {"item_code": "MG0024C", "description": "Baby Carrots 16 oz.", "rack": "Cooler Rack", "price": 1.0, "recurrance": 4, "scale_rule": "111", "type": "Undefined", "food_group": "Undefined"}}, {"model": "counts.item", "pk": 53, "fields": {"item_code": "MG0051", "description": "Celery", "rack": "Cooler Rack", "price": 1.0, "recurrance": 4, "scale_rule": "111", "type": "Undefined", "food_group": "Undefined"}}, {"model": "counts.item", "pk": 54, "fields": {"item_code": "MG0011A", "description": "Bell Pepper - 1", "rack": "Cooler Rack", "price": 1.0, "recurrance": 4, "scale_rule": "111", "type": "Undefined", "food_group": "Undefined"}}, {"model": "counts.item", "pk": 55, "fields": {"item_code": "MG0040", "description": "Cucumber", "rack": "Cooler Rack", "price": 1.0, "recurrance": 4, "scale_rule": "111", "type": "Undefined", "food_group": "Undefined"}}, {"model": "counts.item", "pk": 56, "fields": {"item_code": "MG0050", "description": "Cauliflower", "rack": "Cooler Rack", "price": 1.0, "recurrance": 4, "scale_rule": "111", "type": "Undefined", "food_group": "Undefined"}}, {"model": "counts.item", "pk": 57, "fields": {"item_code": "MG0043", "description": "Zucchini - 2", "rack": "Cooler Rack", "price": 1.0, "recurrance": 4, "scale_rule": "111", "type": "Undefined", "food_group": "Undefined"}}, {"model": "counts.item", "pk": 58, "fields": {"item_code": "MG0059", "description": "Eggplant", "rack": "Cooler Rack", "price": 1.0, "recurrance": 4, "scale_rule": "111", "type": "Undefined", "food_group": "Undefined"}}, {"model": "counts.item", "pk": 59, "fields": {"item_code": "MG0005", "description": "Apples 3 lbs.", "rack": "Produce Rack", "price": 1.0, "recurrance": 4, "scale_rule": "111", "type": "Undefined", "food_group": "Undefined"}}, {"model": "counts.item", "pk": 60, "fields": {"item_code": "MG0037", "description": "Tomato", "rack": "Produce Rack", "price": 1.0, "recurrance": 4, "scale_rule": "111", "type": "Undefined", "food_group": "Undefined"}}, {"model": "counts.item", "pk": 61, "fields": {"item_code": "MG0075", "description": "Cherry Tomato", "rack": "Produce Rack", "price": 1.0, "recurrance": 4, "scale_rule": "111", "type": "Undefined", "food_group": "Undefined"}}, {"model": "counts.item", "pk": 62, "fields": {"item_code": "MG0008", "description": "Sweet Potatoes (3 - 4)", "rack": "Produce Rack", "price": 1.0, "recurrance": 4, "scale_rule": "111", "type": "Undefined", "food_group": "Undefined"}}, {"model": "counts.item", "pk": 63, "fields": {"item_code": "MG0079", "description": "Russet Baking Potatoes - 2 ", "rack": "Produce Rack", "price": 1.0, "recurrance": 4, "scale_rule": "111", "type": "Undefined", "food_group": "Undefined"}}, {"model": "counts.item", "pk": 64, "fields": {"item_code": "MG0021", "description": "Potatoes Fresh 5 lbs.", "rack": "Produce Rack", "price": 1.0, "recurrance": 4, "scale_rule": "111", "type": "Undefined", "food_group": "Undefined"}}, {"model": "counts.item", "pk": 65, "fields": {"item_code": "MG0048", "description": "Onion (Yellow)", "rack": "Produce Rack", "price": 1.0, "recurrance": 4, "scale_rule": "111", "type": "Undefined", "food_group": "Undefined"}}, {"model": "counts.item", "pk": 66, "fields": {"item_code": "MG1051", "description": " MANDARIN ORANGES CANNED", "rack": "Dry Rack 1", "price": 1.0, "recurrance": 4, "scale_rule": "111", "type": "Undefined", "food_group": "Undefined"}}, {"model": "counts.item", "pk": 67, "fields": {"item_code": "MG0005H", "description": "Half-bag Apples", "rack": "Produce Rack", "price": 1.0, "recurrance": 4, "scale_rule": "111", "type": "Undefined", "food_group": "Undefined"}}, {"model": "counts.item", "pk": 68, "fields": {"item_code": "MG0008H", "description": "Sweet Potatoes (2)", "rack": "Produce Rack", "price": 1.0, "recurrance": 4, "scale_rule": "111", "type": "Undefined", "food_group": "Undefined"}}, {"model": "counts.item", "pk": 69, "fields": {"item_code": "MG0042", "description": "Oranges", "rack": "Cooler", "price": 1.0, "recurrance": 4, "scale_rule": "111", "type": "Undefined", "food_group": "Undefined"}}, {"model": "counts.menu", "pk": 0, "fields": {"description": "Standard A Small"}}, {"model": "counts.menu", "pk": 1, "fields": {"description": "Standard A Family"}}, {"model": "counts.menu", "pk": 2, "fields": {"description": "Standard A Large Family"}}, {"model": "counts.menu", "pk": 3, "fields": {"description": "Standard B Small"}}, {"model": "counts.menu", "pk": 4, "fields": {"description": "Standard B Family"}}, {"model": "counts.menu", "pk": 5, "fields": {"description": "Standard B Large Family"}}, {"model": "counts.menu", "pk": 6, "fields": {"description": "Standard C Small"}}, {"model": "counts.menu", "pk": 7, "fields": {"description": "Standard C Family"}}, {"model": "counts.menu", "pk": 8, "fields": {"description": "Standard C Large Family"}}, {"model": "counts.menu", "pk": 9, "fields": {"description": "Standard D Small"}}, {"model": "counts.menu", "pk": 10, "fields": {"description": "Standard D Family"}}, {"model": "counts.menu", "pk": 11, "fields": {"description": "Standard D Large Family"}}, {"model": "counts.menu", "pk": 12, "fields": {"description": "Vegetarian A Small"}}, {"model": "counts.menu", "pk": 13, "fields": {"description": "Vegetarian A Family"}}, {"model": "counts.menu", "pk": 14, "fields": {"description": "Vegetarian A Large Family"}}, {"model": "counts.menu", "pk": 15, "fields": {"description": "Vegetarian B Small"}}, {"model": "counts.menu", "pk": 16, "fields": {"description": "Vegetarian B Family"}}, {"model": "counts.menu", "pk": 17, "fields": {"description": "Vegetarian B Large Family"}}, {"model": "counts.menu", "pk": 18, "fields": {"description": "Vegetarian C Small"}}, {"model": "counts.menu", "pk": 19, "fields": {"description": "Vegetarian C Family"}}, {"model": "counts.menu", "pk": 20, "fields": {"description": "Vegetarian C Large Family"}}, {"model": "counts.menu", "pk": 21, "fields": {"description": "Vegetarian D Small"}}, {"model": "counts.menu", "pk": 22, "fields": {"description": "Vegetarian D Family"}}, {"model": "counts.menu", "pk": 23, "fields": {"description": "Vegetarian D Large Family"}}, {"model": "counts.menu", "pk": 24, "fields": {"description": "Halal A Small"}}, {"model": "counts.menu", "pk": 25, "fields": {"description": "Halal A Family"}}, {"model": "counts.menu", "pk": 26, "fields": {"description": "Halal A Large Family"}}, {"model": "counts.menu", "pk": 27, "fields": {"description": "Halal B Small"}}, {"model": "counts.menu", "pk": 28, "fields": {"description": "Halal B Family"}}, {"model": "counts.menu", "pk": 29, "fields": {"description": "Halal B Large Family"}}, {"model": "counts.menu", "pk": 30, "fields": {"description": "Halal C Small"}}, {"model": "counts.menu", "pk": 31, "fields": {"description": "Halal C Family"}}, {"model": "counts.menu", "pk": 32, "fields": {"description": "Halal C Large Family"}}, {"model": "counts.menu", "pk": 33, "fields": {"description": "Halal D Small"}}, {"model": "counts.menu", "pk": 34, "fields": {"description": "Halal D Family"}}, {"model": "counts.menu", "pk": 35, "fields": {"description": "Halal D Large Family"}}, {"model": "counts.menu", "pk": 36, "fields": {"description": "Kidney Friendly A Small"}}, {"model": "counts.menu", "pk": 37, "fields": {"description": "Kidney Friendly A Family"}}, {"model": "counts.menu", "pk": 38, "fields": {"description": "Kidney Friendly A Large Family"}}, {"model": "counts.menu", "pk": 39, "fields": {"description": "Kidney Friendly B Small"}}, {"model": "counts.menu", "pk": 40, "fields": {"description": "Kidney Friendly B Family"}}, {"model": "counts.menu", "pk": 41, "fields": {"description": "Kidney Friendly B Large Family"}}, {"model": "counts.menu", "pk": 42, "fields": {"description": "Kidney Friendly C Small"}}, {"model": "counts.menu", "pk": 43, "fields": {"description": "Kidney Friendly C Family"}}, {"model": "counts.menu", "pk": 44, "fields": {"description": "Kidney Friendly C Large Family"}}, {"model": "counts.menu", "pk": 45, "fields": {"description": "Kidney Friendly D Small"}}, {"model": "counts.menu", "pk": 46, "fields": {"description": "Kidney Friendly D Family"}}, {"model": "counts.menu", "pk": 47, "fields": {"description": "Kidney Friendly D Large Family"}}, {"model": "counts.share", "pk": 0, "fields": {"menu": 0, "product": 0, "quantity": 1}}, {"model": "counts.share", "pk": 1, "fields": {"menu": 0, "product": 2, "quantity": 1}}, {"model": "counts.share", "pk": 2, "fields": {"menu": 0, "product": 8, "quantity": 1}}, {"model": "counts.share", "pk": 3, "fields": {"menu": 0, "product": 10, "quantity": 1}}, {"model": "counts.share", "pk": 4, "fields": {"menu": 0, "product": 11, "quantity": 1}}, {"model": "counts.share", "pk": 5, "fields": {"menu": 0, "product": 20, "quantity": 1}}, {"model": "counts.share", "pk": 6, "fields": {"menu": 0, "product": 21, "quantity": 1}}, {"model": "counts.share", "pk": 7, "fields": {"menu": 0, "product": 27, "quantity": 1}}, {"model": "counts.share", "pk": 8, "fields": {"menu": 0, "product": 29, "quantity": 1}}, {"model": "counts.share", "pk": 9, "fields": {"menu": 0, "product": 33, "quantity": 1}}, {"model": "counts.share", "pk": 10, "fields": {"menu": 0, "product": 36, "quantity": 1}}, {"model": "counts.share", "pk": 11, "fields": {"menu": 0, "product": 44, "quantity": 1}}, {"model": "counts.share", "pk": 12, "fields": {"menu": 0, "product": 47, "quantity": 1}}, {"model": "counts.share", "pk": 13, "fields": {"menu": 0, "product": 60, "quantity": 1}}, {"model": "counts.share", "pk": 14, "fields": {"menu": 0, "product": 65, "quantity": 1}}, {"model": "counts.share", "pk": 15, "fields": {"menu": 1, "product": 1, "quantity": 1}}, {"model": "counts.share", "pk": 16, "fields": {"menu": 1, "product": 2, "quantity": 2}}, {"model": "counts.share", "pk": 17, "fields": {"menu": 1, "product": 8, "quantity": 2}}, {"model": "counts.share", "pk": 18, "fields": {"menu": 1, "product": 10, "quantity": 1}}, {"model": "counts.share", "pk": 19, "fields": {"menu": 1, "product": 11, "quantity": 2}}, {"model": "counts.share", "pk": 20, "fields": {"menu": 1, "product": 20, "quantity": 2}}, {"model": "counts.share", "pk": 21, "fields": {"menu": 1, "product": 21, "quantity": 2}}, {"model": "counts.share", "pk": 22, "fields": {"menu": 1, "product": 27, "quantity": 2}}, {"model": "counts.share", "pk": 23, "fields": {"menu": 1, "product": 29, "quantity": 2}}, {"model": "counts.share", "pk": 24, "fields": {"menu": 1, "product": 33, "quantity": 1}}, {"model": "counts.share", "pk": 25, "fields": {"menu": 1, "product": 36, "quantity": 2}}, {"model": "counts.share", "pk": 26, "fields": {"menu": 1, "product": 44, "quantity": 2}}, {"model": "counts.share", "pk": 27, "fields": {"menu": 1, "product": 47, "quantity": 2}}, {"model": "counts.share", "pk": 28, "fields": {"menu": 1, "product": 60, "quantity": 1}}, {"model": "counts.share", "pk": 29, "fields": {"menu": 1, "product": 65, "quantity": 2}}, {"model": "counts.share", "pk": 30, "fields": {"menu": 2, "product": 1, "quantity": 2}}, {"model": "counts.share", "pk": 31, "fields": {"menu": 2, "product": 2, "quantity": 3}}, {"model": "counts.share", "pk": 32, "fields": {"menu": 2, "product": 8, "quantity": 2}}, {"model": "counts.share", "pk": 33, "fields": {"menu": 2, "product": 10, "quantity": 2}}, {"model": "counts.share", "pk": 34, "fields": {"menu": 2, "product": 11, "quantity": 2}}, {"model": "counts.share", "pk": 35, "fields": {"menu": 2, "product": 20, "quantity": 2}}, {"model": "counts.share", "pk": 36, "fields": {"menu": 2, "product": 21, "quantity": 2}}, {"model": "counts.share", "pk": 37, "fields": {"menu": 2, "product": 27, "quantity": 2}}, {"model": "counts.share", "pk": 38, "fields": {"menu": 2, "product": 29, "quantity": 2}}, {"model": "counts.share", "pk": 39, "fields": {"menu": 2, "product": 33, "quantity": 2}}, {"model": "counts.share", "pk": 40, "fields": {"menu": 2, "product": 36, "quantity": 2}}, {"model": "counts.share", "pk": 41, "fields": {"menu": 2, "product": 44, "quantity": 2}}, {"model": "counts.share", "pk": 42, "fields": {"menu": 2, "product": 47, "quantity": 2}}, {"model": "counts.share", "pk": 43, "fields": {"menu": 2, "product": 60, "quantity": 2}}, {"model": "counts.share", "pk": 44, "fields": {"menu": 2, "product": 65, "quantity": 3}}, {"model": "counts.share", "pk": 45, "fields": {"menu": 3, "product": 0, "quantity": 1}}, {"model": "counts.share", "pk": 46, "fields": {"menu": 3, "product": 3, "quantity": 1}}, {"model": "counts.share", "pk": 47, "fields": {"menu": 3, "product": 10, "quantity": 1}}, {"model": "counts.share", "pk": 48, "fields": {"menu": 3, "product": 12, "quantity": 1}}, {"model": "counts.share", "pk": 49, "fields": {"menu": 3, "product": 26, "quantity": 1}}, {"model": "counts.share", "pk": 50, "fields": {"menu": 3, "product": 31, "quantity": 1}}, {"model": "counts.share", "pk": 51, "fields": {"menu": 3, "product": 37, "quantity": 1}}, {"model": "counts.share", "pk": 52, "fields": {"menu": 3, "product": 42, "quantity": 1}}, {"model": "counts.share", "pk": 53, "fields": {"menu": 3, "product": 52, "quantity": 1}}, {"model": "counts.share", "pk": 54, "fields": {"menu": 3, "product": 57, "quantity": 1}}, {"model": "counts.share", "pk": 55, "fields": {"menu": 3, "product": 63, "quantity": 1}}, {"model": "counts.share", "pk": 56, "fields": {"menu": 3, "product": 65, "quantity": 1}}, {"model": "counts.share", "pk": 57, "fields": {"menu": 4, "product": 1, "quantity": 1}}, {"model": "counts.share", "pk": 58, "fields": {"menu": 4, "product": 3, "quantity": 2}}, {"model": "counts.share", "pk": 59, "fields": {"menu": 4, "product": 10, "quantity": 2}}, {"model": "counts.share", "pk": 60, "fields": {"menu": 4, "product": 12, "quantity": 1}}, {"model": "counts.share", "pk": 61, "fields": {"menu": 4, "product": 26, "quantity": 2}}, {"model": "counts.share", "pk": 62, "fields": {"menu": 4, "product": 31, "quantity": 1}}, {"model": "counts.share", "pk": 63, "fields": {"menu": 4, "product": 37, "quantity": 1}}, {"model": "counts.share", "pk": 64, "fields": {"menu": 4, "product": 42, "quantity": 1}}, {"model": "counts.share", "pk": 65, "fields": {"menu": 4, "product": 52, "quantity": 2}}, {"model": "counts.share", "pk": 66, "fields": {"menu": 4, "product": 57, "quantity": 2}}, {"model": "counts.share", "pk": 67, "fields": {"menu": 4, "product": 59, "quantity": 1}}, {"model": "counts.share", "pk": 68, "fields": {"menu": 4, "product": 64, "quantity": 1}}, {"model": "counts.share", "pk": 69, "fields": {"menu": 4, "product": 65, "quantity": 2}}, {"model": "counts.share", "pk": 70, "fields": {"menu": 5, "product": 1, "quantity": 2}}, {"model": "counts.share", "pk": 71, "fields": {"menu": 5, "product": 4, "quantity": 1}}, {"model": "counts.share", "pk": 72, "fields": {"menu": 5, "product": 10, "quantity": 2}}, {"model": "counts.share", "pk": 73, "fields": {"menu": 5, "product": 12, "quantity": 1}}, {"model": "counts.share", "pk": 74, "fields": {"menu": 5, "product": 26, "quantity": 2}}, {"model": "counts.share", "pk": 75, "fields": {"menu": 5, "product": 31, "quantity": 2}}, {"model": "counts.share", "pk": 76, "fields": {"menu": 5, "product": 37, "quantity": 2}}, {"model": "counts.share", "pk": 77, "fields": {"menu": 5, "product": 42, "quantity": 1}}, {"model": "counts.share", "pk": 78, "fields": {"menu": 5, "product": 52, "quantity": 3}}, {"model": "counts.share", "pk": 79, "fields": {"menu": 5, "product": 57, "quantity": 2}}, {"model": "counts.share", "pk": 80, "fields": {"menu": 5, "product": 59, "quantity": 1}}, {"model": "counts.share", "pk": 81, "fields": {"menu": 5, "product": 64, "quantity": 1}}, {"model": "counts.share", "pk": 82, "fields": {"menu": 5, "product": 65, "quantity": 3}}, {"model": "counts.share", "pk": 83, "fields": {"menu": 6, "product": 0, "quantity": 1}}, {"model": "counts.share", "pk": 84, "fields": {"menu": 6, "product": 2, "quantity": 1}}, {"model": "counts.share", "pk": 85, "fields": {"menu": 6, "product": 7, "quantity": 1}}, {"model": "counts.share", "pk": 86, "fields": {"menu": 6, "product": 11, "quantity": 1}}, {"model": "counts.share", "pk": 87, "fields": {"menu": 6, "product": 22, "quantity": 1}}, {"model": "counts.share", "pk": 88, "fields": {"menu": 6, "product": 23, "quantity": 2}}, {"model": "counts.share", "pk": 89, "fields": {"menu": 6, "product": 38, "quantity": 1}}, {"model": "counts.share", "pk": 90, "fields": {"menu": 6, "product": 45, "quantity": 1}}, {"model": "counts.share", "pk": 91, "fields": {"menu": 6, "product": 47, "quantity": 1}}, {"model": "counts.share", "pk": 92, "fields": {"menu": 6, "product": 49, "quantity": 1}}, {"model": "counts.share", "pk": 93, "fields": {"menu": 6, "product": 54, "quantity": 1}}, {"model": "counts.share", "pk": 94, "fields": {"menu": 6, "product": 55, "quantity": 1}}, {"model": "counts.share", "pk": 95, "fields": {"menu": 6, "product": 61, "quantity": 1}}, {"model": "counts.share", "pk": 96, "fields": {"menu": 6, "product": 65, "quantity": 1}}, {"model": "counts.share", "pk": 97, "fields": {"menu": 7, "product": 1, "quantity": 1}}, {"model": "counts.share", "pk": 98, "fields": {"menu": 7, "product": 2, "quantity": 2}}, {"model": "counts.share", "pk": 99, "fields": {"menu": 7, "product": 7, "quantity": 1}}, {"model": "counts.share", "pk": 100, "fields": {"menu": 7, "product": 11, "quantity": 2}}, {"model": "counts.share", "pk": 101, "fields": {"menu": 7, "product": 22, "quantity": 2}}, {"model": "counts.share", "pk": 102, "fields": {"menu": 7, "product": 23, "quantity": 2}}, {"model": "counts.share", "pk": 103, "fields": {"menu": 7, "product": 38, "quantity": 1}}, {"model": "counts.share", "pk": 104, "fields": {"menu": 7, "product": 45, "quantity": 1}}, {"model": "counts.share", "pk": 105, "fields": {"menu": 7, "product": 47, "quantity": 2}}, {"model": "counts.share", "pk": 106, "fields": {"menu": 7, "product": 49, "quantity": 1}}, {"model": "counts.share", "pk": 107, "fields": {"menu": 7, "product": 54, "quantity": 2}}, {"model": "counts.share", "pk": 108, "fields": {"menu": 7, "product": 55, "quantity": 2}}, {"model": "counts.share", "pk": 109, "fields": {"menu": 7, "product": 61, "quantity": 1}}, {"model": "counts.share", "pk": 110, "fields": {"menu": 7, "product": 62, "quantity": 1}}, {"model": "counts.share", "pk": 111, "fields": {"menu": 7, "product": 65, "quantity": 2}}, {"model": "counts.share", "pk": 112, "fields": {"menu": 8, "product": 1, "quantity": 2}}, {"model": "counts.share", "pk": 113, "fields": {"menu": 8, "product": 2, "quantity": 3}}, {"model": "counts.share", "pk": 114, "fields": {"menu": 8, "product": 7, "quantity": 1}}, {"model": "counts.share", "pk": 115, "fields": {"menu": 8, "product": 11, "quantity": 2}}, {"model": "counts.share", "pk": 116, "fields": {"menu": 8, "product": 22, "quantity": 2}}, {"model": "counts.share", "pk": 117, "fields": {"menu": 8, "product": 23, "quantity": 4}}, {"model": "counts.share", "pk": 118, "fields": {"menu": 8, "product": 38, "quantity": 2}}, {"model": "counts.share", "pk": 119, "fields": {"menu": 8, "product": 45, "quantity": 2}}, {"model": "counts.share", "pk": 120, "fields": {"menu": 8, "product": 47, "quantity": 3}}, {"model": "counts.share", "pk": 121, "fields": {"menu": 8, "product": 49, "quantity": 2}}, {"model": "counts.share", "pk": 122, "fields": {"menu": 8, "product": 54, "quantity": 2}}, {"model": "counts.share", "pk": 123, "fields": {"menu": 8, "product": 55, "quantity": 2}}, {"model": "counts.share", "pk": 124, "fields": {"menu": 8, "product": 61, "quantity": 2}}, {"model": "counts.share", "pk": 125, "fields": {"menu": 8, "product": 62, "quantity": 1}}, {"model": "counts.share", "pk": 126, "fields": {"menu": 8, "product": 65, "quantity": 3}}, {"model": "counts.share", "pk": 127, "fields": {"menu": 9, "product": 0, "quantity": 1}}, {"model": "counts.share", "pk": 128, "fields": {"menu": 9, "product": 3, "quantity": 1}}, {"model": "counts.share", "pk": 129, "fields": {"menu": 9, "product": 9, "quantity": 1}}, {"model": "counts.share", "pk": 130, "fields": {"menu": 9, "product": 11, "quantity": 1}}, {"model": "counts.share", "pk": 131, "fields": {"menu": 9, "product": 25, "quantity": 1}}, {"model": "counts.share", "pk": 132, "fields": {"menu": 9, "product": 28, "quantity": 1}}, {"model": "counts.share", "pk": 133, "fields": {"menu": 9, "product": 30, "quantity": 1}}, {"model": "counts.share", "pk": 134, "fields": {"menu": 9, "product": 35, "quantity": 1}}, {"model": "counts.share", "pk": 135, "fields": {"menu": 9, "product": 48, "quantity": 1}}, {"model": "counts.share", "pk": 136, "fields": {"menu": 9, "product": 50, "quantity": 1}}, {"model": "counts.share", "pk": 137, "fields": {"menu": 9, "product": 52, "quantity": 1}}, {"model": "counts.share", "pk": 138, "fields": {"menu": 9, "product": 54, "quantity": 1}}, {"model": "counts.share", "pk": 139, "fields": {"menu": 9, "product": 63, "quantity": 1}}, {"model": "counts.share", "pk": 140, "fields": {"menu": 9, "product": 65, "quantity": 1}}, {"model": "counts.share", "pk": 141, "fields": {"menu": 10, "product": 1, "quantity": 1}}, {"model": "counts.share", "pk": 142, "fields": {"menu": 10, "product": 4, "quantity": 1}}, {"model": "counts.share", "pk": 143, "fields": {"menu": 10, "product": 9, "quantity": 1}}, {"model": "counts.share", "pk": 144, "fields": {"menu": 10, "product": 11, "quantity": 2}}, {"model": "counts.share", "pk": 145, "fields": {"menu": 10, "product": 25, "quantity": 2}}, {"model": "counts.share", "pk": 146, "fields": {"menu": 10, "product": 28, "quantity": 1}}, {"model": "counts.share", "pk": 147, "fields": {"menu": 10, "product": 30, "quantity": 1}}, {"model": "counts.share", "pk": 148, "fields": {"menu": 10, "product": 35, "quantity": 1}}, {"model": "counts.share", "pk": 149, "fields": {"menu": 10, "product": 48, "quantity": 1}}, {"model": "counts.share", "pk": 150, "fields": {"menu": 10, "product": 50, "quantity": 1}}, {"model": "counts.share", "pk": 151, "fields": {"menu": 10, "product": 52, "quantity": 1}}, {"model": "counts.share", "pk": 152, "fields": {"menu": 10, "product": 54, "quantity": 2}}, {"model": "counts.share", "pk": 153, "fields": {"menu": 10, "product": 64, "quantity": 1}}, {"model": "counts.share", "pk": 154, "fields": {"menu": 10, "product": 65, "quantity": 2}}, {"model": "counts.share", "pk": 155, "fields": {"menu": 11, "product": 1, "quantity": 2}}, {"model": "counts.share", "pk": 156, "fields": {"menu": 11, "product": 4, "quantity": 1}}, {"model": "counts.share", "pk": 157, "fields": {"menu": 11, "product": 9, "quantity": 2}}, {"model": "counts.share", "pk": 158, "fields": {"menu": 11, "product": 11, "quantity": 2}}, {"model": "counts.share", "pk": 159, "fields": {"menu": 11, "product": 25, "quantity": 2}}, {"model": "counts.share", "pk": 160, "fields": {"menu": 11, "product": 28, "quantity": 2}}, {"model": "counts.share", "pk": 161, "fields": {"menu": 11, "product": 30, "quantity": 1}}, {"model": "counts.share", "pk": 162, "fields": {"menu": 11, "product": 35, "quantity": 2}}, {"model": "counts.share", "pk": 163, "fields": {"menu": 11, "product": 48, "quantity": 1}}, {"model": "counts.share", "pk": 164, "fields": {"menu": 11, "product": 50, "quantity": 2}}, {"model": "counts.share", "pk": 165, "fields": {"menu": 11, "product": 52, "quantity": 2}}, {"model": "counts.share", "pk": 166, "fields": {"menu": 11, "product": 54, "quantity": 4}}, {"model": "counts.share", "pk": 167, "fields": {"menu": 11, "product": 64, "quantity": 1}}, {"model": "counts.share", "pk": 168, "fields": {"menu": 11, "product": 65, "quantity": 3}}, {"model": "counts.share", "pk": 169, "fields": {"menu": 12, "product": 0, "quantity": 1}}, {"model": "counts.share", "pk": 170, "fields": {"menu": 12, "product": 8, "quantity": 1}}, {"model": "counts.share", "pk": 171, "fields": {"menu": 12, "product": 11, "quantity": 1}}, {"model": "counts.share", "pk": 172, "fields": {"menu": 12, "product": 15, "quantity": 1}}, {"model": "counts.share", "pk": 173, "fields": {"menu": 12, "product": 18, "quantity": 1}}, {"model": "counts.share", "pk": 174, "fields": {"menu": 12, "product": 21, "quantity": 1}}, {"model": "counts.share", "pk": 175, "fields": {"menu": 12, "product": 24, "quantity": 2}}, {"model": "counts.share", "pk": 176, "fields": {"menu": 12, "product": 27, "quantity": 1}}, {"model": "counts.share", "pk": 177, "fields": {"menu": 12, "product": 29, "quantity": 1}}, {"model": "counts.share", "pk": 178, "fields": {"menu": 12, "product": 33, "quantity": 1}}, {"model": "counts.share", "pk": 179, "fields": {"menu": 12, "product": 36, "quantity": 1}}, {"model": "counts.share", "pk": 180, "fields": {"menu": 12, "product": 46, "quantity": 1}}, {"model": "counts.share", "pk": 181, "fields": {"menu": 12, "product": 47, "quantity": 1}}, {"model": "counts.share", "pk": 182, "fields": {"menu": 12, "product": 60, "quantity": 1}}, {"model": "counts.share", "pk": 183, "fields": {"menu": 12, "product": 65, "quantity": 1}}, {"model": "counts.share", "pk": 184, "fields": {"menu": 13, "product": 1, "quantity": 1}}, {"model": "counts.share", "pk": 185, "fields": {"menu": 13, "product": 8, "quantity": 2}}, {"model": "counts.share", "pk": 186, "fields": {"menu": 13, "product": 11, "quantity": 2}}, {"model": "counts.share", "pk": 187, "fields": {"menu": 13, "product": 15, "quantity": 2}}, {"model": "counts.share", "pk": 188, "fields": {"menu": 13, "product": 18, "quantity": 2}}, {"model": "counts.share", "pk": 189, "fields": {"menu": 13, "product": 21, "quantity": 2}}, {"model": "counts.share", "pk": 190, "fields": {"menu": 13, "product": 24, "quantity": 2}}, {"model": "counts.share", "pk": 191, "fields": {"menu": 13, "product": 27, "quantity": 2}}, {"model": "counts.share", "pk": 192, "fields": {"menu": 13, "product": 29, "quantity": 2}}, {"model": "counts.share", "pk": 193, "fields": {"menu": 13, "product": 33, "quantity": 1}}, {"model": "counts.share", "pk": 194, "fields": {"menu": 13, "product": 36, "quantity": 2}}, {"model": "counts.share", "pk": 195, "fields": {"menu": 13, "product": 46, "quantity": 2}}, {"model": "counts.share", "pk": 196, "fields": {"menu": 13, "product": 47, "quantity": 2}}, {"model": "counts.share", "pk": 197, "fields": {"menu": 13, "product": 60, "quantity": 1}}, {"model": "counts.share", "pk": 198, "fields": {"menu": 13, "product": 65, "quantity": 2}}, {"model": "counts.share", "pk": 199, "fields": {"menu": 14, "product": 1, "quantity": 2}}, {"model": "counts.share", "pk": 200, "fields": {"menu": 14, "product": 8, "quantity": 2}}, {"model": "counts.share", "pk": 201, "fields": {"menu": 14, "product": 11, "quantity": 2}}, {"model": "counts.share", "pk": 202, "fields": {"menu": 14, "product": 41, "quantity": 2}}, {"model": "counts.share", "pk": 203, "fields": {"menu": 14, "product": 18, "quantity": 2}}, {"model": "counts.share", "pk": 204, "fields": {"menu": 14, "product": 21, "quantity": 2}}, {"model": "counts.share", "pk": 205, "fields": {"menu": 14, "product": 25, "quantity": 4}}, {"model": "counts.share", "pk": 206, "fields": {"menu": 14, "product": 27, "quantity": 2}}, {"model": "counts.share", "pk": 207, "fields": {"menu": 14, "product": 29, "quantity": 2}}, {"model": "counts.share", "pk": 208, "fields": {"menu": 14, "product": 33, "quantity": 2}}, {"model": "counts.share", "pk": 209, "fields": {"menu": 14, "product": 36, "quantity": 2}}, {"model": "counts.share", "pk": 210, "fields": {"menu": 14, "product": 46, "quantity": 2}}, {"model": "counts.share", "pk": 211, "fields": {"menu": 14, "product": 47, "quantity": 2}}, {"model": "counts.share", "pk": 212, "fields": {"menu": 14, "product": 60, "quantity": 2}}, {"model": "counts.share", "pk": 213, "fields": {"menu": 14, "product": 65, "quantity": 3}}, {"model": "counts.share", "pk": 214, "fields": {"menu": 15, "product": 0, "quantity": 1}}, {"model": "counts.share", "pk": 215, "fields": {"menu": 15, "product": 12, "quantity": 1}}, {"model": "counts.share", "pk": 216, "fields": {"menu": 15, "product": 14, "quantity": 1}}, {"model": "counts.share", "pk": 217, "fields": {"menu": 15, "product": 26, "quantity": 1}}, {"model": "counts.share", "pk": 218, "fields": {"menu": 15, "product": 31, "quantity": 1}}, {"model": "counts.share", "pk": 219, "fields": {"menu": 15, "product": 37, "quantity": 1}}, {"model": "counts.share", "pk": 220, "fields": {"menu": 15, "product": 39, "quantity": 2}}, {"model": "counts.share", "pk": 221, "fields": {"menu": 15, "product": 42, "quantity": 1}}, {"model": "counts.share", "pk": 222, "fields": {"menu": 15, "product": 51, "quantity": 1}}, {"model": "counts.share", "pk": 223, "fields": {"menu": 15, "product": 52, "quantity": 1}}, {"model": "counts.share", "pk": 224, "fields": {"menu": 15, "product": 57, "quantity": 1}}, {"model": "counts.share", "pk": 225, "fields": {"menu": 15, "product": 63, "quantity": 1}}, {"model": "counts.share", "pk": 226, "fields": {"menu": 15, "product": 65, "quantity": 1}}, {"model": "counts.share", "pk": 227, "fields": {"menu": 16, "product": 1, "quantity": 1}}, {"model": "counts.share", "pk": 228, "fields": {"menu": 16, "product": 12, "quantity": 1}}, {"model": "counts.share", "pk": 229, "fields": {"menu": 16, "product": 14, "quantity": 1}}, {"model": "counts.share", "pk": 230, "fields": {"menu": 16, "product": 26, "quantity": 2}}, {"model": "counts.share", "pk": 231, "fields": {"menu": 16, "product": 31, "quantity": 1}}, {"model": "counts.share", "pk": 232, "fields": {"menu": 16, "product": 37, "quantity": 1}}, {"model": "counts.share", "pk": 233, "fields": {"menu": 16, "product": 39, "quantity": 2}}, {"model": "counts.share", "pk": 234, "fields": {"menu": 16, "product": 42, "quantity": 2}}, {"model": "counts.share", "pk": 235, "fields": {"menu": 16, "product": 51, "quantity": 1}}, {"model": "counts.share", "pk": 236, "fields": {"menu": 16, "product": 52, "quantity": 2}}, {"model": "counts.share", "pk": 237, "fields": {"menu": 16, "product": 57, "quantity": 2}}, {"model": "counts.share", "pk": 238, "fields": {"menu": 16, "product": 59, "quantity": 1}}, {"model": "counts.share", "pk": 239, "fields": {"menu": 16, "product": 64, "quantity": 1}}, {"model": "counts.share", "pk": 240, "fields": {"menu": 16, "product": 65, "quantity": 2}}, {"model": "counts.share", "pk": 241, "fields": {"menu": 17, "product": 1, "quantity": 2}}, {"model": "counts.share", "pk": 242, "fields": {"menu": 17, "product": 12, "quantity": 1}}, {"model": "counts.share", "pk": 243, "fields": {"menu": 17, "product": 14, "quantity": 2}}, {"model": "counts.share", "pk": 244, "fields": {"menu": 17, "product": 26, "quantity": 2}}, {"model": "counts.share", "pk": 245, "fields": {"menu": 17, "product": 31, "quantity": 2}}, {"model": "counts.share", "pk": 246, "fields": {"menu": 17, "product": 37, "quantity": 2}}, {"model": "counts.share", "pk": 247, "fields": {"menu": 17, "product": 39, "quantity": 2}}, {"model": "counts.share", "pk": 248, "fields": {"menu": 17, "product": 40, "quantity": 1}}, {"model": "counts.share", "pk": 249, "fields": {"menu": 17, "product": 42, "quantity": 2}}, {"model": "counts.share", "pk": 250, "fields": {"menu": 17, "product": 51, "quantity": 1}}, {"model": "counts.share", "pk": 251, "fields": {"menu": 17, "product": 52, "quantity": 3}}, {"model": "counts.share", "pk": 252, "fields": {"menu": 17, "product": 57, "quantity": 2}}, {"model": "counts.share", "pk": 253, "fields": {"menu": 17, "product": 59, "quantity": 1}}, {"model": "counts.share", "pk": 254, "fields": {"menu": 17, "product": 64, "quantity": 1}}, {"model": "counts.share", "pk": 255, "fields": {"menu": 17, "product": 65, "quantity": 3}}, {"model": "counts.share", "pk": 256, "fields": {"menu": 18, "product": 0, "quantity": 1}}, {"model": "counts.share", "pk": 257, "fields": {"menu": 18, "product": 7, "quantity": 1}}, {"model": "counts.share", "pk": 258, "fields": {"menu": 18, "product": 11, "quantity": 1}}, {"model": "counts.share", "pk": 259, "fields": {"menu": 18, "product": 22, "quantity": 1}}, {"model": "counts.share", "pk": 260, "fields": {"menu": 18, "product": 33, "quantity": 1}}, {"model": "counts.share", "pk": 261, "fields": {"menu": 18, "product": 38, "quantity": 1}}, {"model": "counts.share", "pk": 262, "fields": {"menu": 18, "product": 40, "quantity": 2}}, {"model": "counts.share", "pk": 263, "fields": {"menu": 18, "product": 46, "quantity": 1}}, {"model": "counts.share", "pk": 264, "fields": {"menu": 18, "product": 47, "quantity": 1}}, {"model": "counts.share", "pk": 265, "fields": {"menu": 18, "product": 49, "quantity": 1}}, {"model": "counts.share", "pk": 266, "fields": {"menu": 18, "product": 54, "quantity": 1}}, {"model": "counts.share", "pk": 267, "fields": {"menu": 18, "product": 55, "quantity": 1}}, {"model": "counts.share", "pk": 268, "fields": {"menu": 18, "product": 61, "quantity": 1}}, {"model": "counts.share", "pk": 269, "fields": {"menu": 18, "product": 65, "quantity": 1}}, {"model": "counts.share", "pk": 270, "fields": {"menu": 19, "product": 1, "quantity": 1}}, {"model": "counts.share", "pk": 271, "fields": {"menu": 19, "product": 7, "quantity": 1}}, {"model": "counts.share", "pk": 272, "fields": {"menu": 19, "product": 11, "quantity": 2}}, {"model": "counts.share", "pk": 273, "fields": {"menu": 19, "product": 22, "quantity": 2}}, {"model": "counts.share", "pk": 274, "fields": {"menu": 19, "product": 33, "quantity": 1}}, {"model": "counts.share", "pk": 275, "fields": {"menu": 19, "product": 38, "quantity": 1}}, {"model": "counts.share", "pk": 276, "fields": {"menu": 19, "product": 40, "quantity": 2}}, {"model": "counts.share", "pk": 277, "fields": {"menu": 19, "product": 46, "quantity": 1}}, {"model": "counts.share", "pk": 278, "fields": {"menu": 19, "product": 47, "quantity": 2}}, {"model": "counts.share", "pk": 279, "fields": {"menu": 19, "product": 49, "quantity": 1}}, {"model": "counts.share", "pk": 280, "fields": {"menu": 19, "product": 54, "quantity": 2}}, {"model": "counts.share", "pk": 281, "fields": {"menu": 19, "product": 55, "quantity": 2}}, {"model": "counts.share", "pk": 282, "fields": {"menu": 19, "product": 61, "quantity": 1}}, {"model": "counts.share", "pk": 283, "fields": {"menu": 19, "product": 62, "quantity": 1}}, {"model": "counts.share", "pk": 284, "fields": {"menu": 19, "product": 65, "quantity": 2}}, {"model": "counts.share", "pk": 285, "fields": {"menu": 20, "product": 1, "quantity": 2}}, {"model": "counts.share", "pk": 286, "fields": {"menu": 20, "product": 7, "quantity": 1}}, {"model": "counts.share", "pk": 287, "fields": {"menu": 20, "product": 11, "quantity": 2}}, {"model": "counts.share", "pk": 288, "fields": {"menu": 20, "product": 22, "quantity": 2}}, {"model": "counts.share", "pk": 289, "fields": {"menu": 20, "product": 33, "quantity": 2}}, {"model": "counts.share", "pk": 290, "fields": {"menu": 20, "product": 38, "quantity": 2}}, {"model": "counts.share", "pk": 291, "fields": {"menu": 20, "product": 40, "quantity": 2}}, {"model": "counts.share", "pk": 292, "fields": {"menu": 20, "product": 46, "quantity": 2}}, {"model": "counts.share", "pk": 293, "fields": {"menu": 20, "product": 47, "quantity": 3}}, {"model": "counts.share", "pk": 294, "fields": {"menu": 20, "product": 49, "quantity": 2}}, {"model": "counts.share", "pk": 295, "fields": {"menu": 20, "product": 54, "quantity": 2}}, {"model": "counts.share", "pk": 296, "fields": {"menu": 20, "product": 55, "quantity": 2}}, {"model": "counts.share", "pk": 297, "fields": {"menu": 20, "product": 61, "quantity": 2}}, {"model": "counts.share", "pk": 298, "fields": {"menu": 20, "product": 62, "quantity": 1}}, {"model": "counts.share", "pk": 299, "fields": {"menu": 20, "product": 65, "quantity": 3}}, {"model": "counts.share", "pk": 300, "fields": {"menu": 21, "product": 0, "quantity": 1}}, {"model": "counts.share", "pk": 301, "fields": {"menu": 21, "product": 9, "quantity": 1}}, {"model": "counts.share", "pk": 302, "fields": {"menu": 21, "product": 11, "quantity": 1}}, {"model": "counts.share", "pk": 303, "fields": {"menu": 21, "product": 25, "quantity": 1}}, {"model": "counts.share", "pk": 304, "fields": {"menu": 21, "product": 28, "quantity": 1}}, {"model": "counts.share", "pk": 305, "fields": {"menu": 21, "product": 30, "quantity": 1}}, {"model": "counts.share", "pk": 306, "fields": {"menu": 21, "product": 35, "quantity": 1}}, {"model": "counts.share", "pk": 307, "fields": {"menu": 21, "product": 41, "quantity": 1}}, {"model": "counts.share", "pk": 308, "fields": {"menu": 21, "product": 42, "quantity": 1}}, {"model": "counts.share", "pk": 309, "fields": {"menu": 21, "product": 48, "quantity": 1}}, {"model": "counts.share", "pk": 310, "fields": {"menu": 21, "product": 50, "quantity": 1}}, {"model": "counts.share", "pk": 311, "fields": {"menu": 21, "product": 52, "quantity": 1}}, {"model": "counts.share", "pk": 312, "fields": {"menu": 21, "product": 54, "quantity": 1}}, {"model": "counts.share", "pk": 313, "fields": {"menu": 21, "product": 63, "quantity": 1}}, {"model": "counts.share", "pk": 314, "fields": {"menu": 21, "product": 65, "quantity": 1}}, {"model": "counts.share", "pk": 315, "fields": {"menu": 22, "product": 1, "quantity": 1}}, {"model": "counts.share", "pk": 316, "fields": {"menu": 22, "product": 9, "quantity": 1}}, {"model": "counts.share", "pk": 317, "fields": {"menu": 22, "product": 11, "quantity": 2}}, {"model": "counts.share", "pk": 318, "fields": {"menu": 22, "product": 25, "quantity": 2}}, {"model": "counts.share", "pk": 319, "fields": {"menu": 22, "product": 28, "quantity": 1}}, {"model": "counts.share", "pk": 320, "fields": {"menu": 22, "product": 30, "quantity": 1}}, {"model": "counts.share", "pk": 321, "fields": {"menu": 22, "product": 35, "quantity": 1}}, {"model": "counts.share", "pk": 322, "fields": {"menu": 22, "product": 41, "quantity": 2}}, {"model": "counts.share", "pk": 323, "fields": {"menu": 22, "product": 42, "quantity": 2}}, {"model": "counts.share", "pk": 324, "fields": {"menu": 22, "product": 48, "quantity": 1}}, {"model": "counts.share", "pk": 325, "fields": {"menu": 22, "product": 50, "quantity": 1}}, {"model": "counts.share", "pk": 326, "fields": {"menu": 22, "product": 52, "quantity": 1}}, {"model": "counts.share", "pk": 327, "fields": {"menu": 22, "product": 54, "quantity": 2}}, {"model": "counts.share", "pk": 328, "fields": {"menu": 22, "product": 64, "quantity": 1}}, {"model": "counts.share", "pk": 329, "fields": {"menu": 22, "product": 65, "quantity": 2}}, {"model": "counts.share", "pk": 330, "fields": {"menu": 23, "product": 1, "quantity": 2}}, {"model": "counts.share", "pk": 331, "fields": {"menu": 23, "product": 9, "quantity": 2}}, {"model": "counts.share", "pk": 332, "fields": {"menu": 23, "product": 11, "quantity": 2}}, {"model": "counts.share", "pk": 333, "fields": {"menu": 23, "product": 25, "quantity": 2}}, {"model": "counts.share", "pk": 334, "fields": {"menu": 23, "product": 28, "quantity": 2}}, {"model": "counts.share", "pk": 335, "fields": {"menu": 23, "product": 30, "quantity": 1}}, {"model": "counts.share", "pk": 336, "fields": {"menu": 23, "product": 35, "quantity": 2}}, {"model": "counts.share", "pk": 337, "fields": {"menu": 23, "product": 41, "quantity": 2}}, {"model": "counts.share", "pk": 338, "fields": {"menu": 23, "product": 42, "quantity": 2}}, {"model": "counts.share", "pk": 339, "fields": {"menu": 23, "product": 48, "quantity": 1}}, {"model": "counts.share", "pk": 340, "fields": {"menu": 23, "product": 50, "quantity": 2}}, {"model": "counts.share", "pk": 341, "fields": {"menu": 23, "product": 52, "quantity": 2}}, {"model": "counts.share", "pk": 342, "fields": {"menu": 23, "product": 54, "quantity": 4}}, {"model": "counts.share", "pk": 343, "fields": {"menu": 23, "product": 64, "quantity": 1}}, {"model": "counts.share", "pk": 344, "fields": {"menu": 23, "product": 65, "quantity": 3}}, {"model": "counts.share", "pk": 345, "fields": {"menu": 24, "product": 5, "quantity": 1}}, {"model": "counts.share", "pk": 346, "fields": {"menu": 24, "product": 8, "quantity": 1}}, {"model": "counts.share", "pk": 347, "fields": {"menu": 24, "product": 10, "quantity": 1}}, {"model": "counts.share", "pk": 348, "fields": {"menu": 24, "product": 14, "quantity": 1}}, {"model": "counts.share", "pk": 349, "fields": {"menu": 24, "product": 18, "quantity": 1}}, {"model": "counts.share", "pk": 350, "fields": {"menu": 24, "product": 21, "quantity": 1}}, {"model": "counts.share", "pk": 351, "fields": {"menu": 24, "product": 27, "quantity": 1}}, {"model": "counts.share", "pk": 352, "fields": {"menu": 24, "product": 33, "quantity": 1}}, {"model": "counts.share", "pk": 353, "fields": {"menu": 24, "product": 34, "quantity": 1}}, {"model": "counts.share", "pk": 354, "fields": {"menu": 24, "product": 35, "quantity": 1}}, {"model": "counts.share", "pk": 355, "fields": {"menu": 24, "product": 41, "quantity": 1}}, {"model": "counts.share", "pk": 356, "fields": {"menu": 24, "product": 46, "quantity": 1}}, {"model": "counts.share", "pk": 357, "fields": {"menu": 24, "product": 47, "quantity": 1}}, {"model": "counts.share", "pk": 358, "fields": {"menu": 24, "product": 61, "quantity": 1}}, {"model": "counts.share", "pk": 359, "fields": {"menu": 24, "product": 65, "quantity": 1}}, {"model": "counts.share", "pk": 360, "fields": {"menu": 25, "product": 5, "quantity": 1}}, {"model": "counts.share", "pk": 361, "fields": {"menu": 25, "product": 8, "quantity": 2}}, {"model": "counts.share", "pk": 362, "fields": {"menu": 25, "product": 10, "quantity": 1}}, {"model": "counts.share", "pk": 363, "fields": {"menu": 25, "product": 14, "quantity": 1}}, {"model": "counts.share", "pk": 364, "fields": {"menu": 25, "product": 18, "quantity": 2}}, {"model": "counts.share", "pk": 365, "fields": {"menu": 25, "product": 21, "quantity": 2}}, {"model": "counts.share", "pk": 366, "fields": {"menu": 25, "product": 27, "quantity": 2}}, {"model": "counts.share", "pk": 367, "fields": {"menu": 25, "product": 33, "quantity": 1}}, {"model": "counts.share", "pk": 368, "fields": {"menu": 25, "product": 34, "quantity": 1}}, {"model": "counts.share", "pk": 369, "fields": {"menu": 25, "product": 35, "quantity": 2}}, {"model": "counts.share", "pk": 370, "fields": {"menu": 25, "product": 41, "quantity": 1}}, {"model": "counts.share", "pk": 371, "fields": {"menu": 25, "product": 46, "quantity": 2}}, {"model": "counts.share", "pk": 372, "fields": {"menu": 25, "product": 47, "quantity": 2}}, {"model": "counts.share", "pk": 373, "fields": {"menu": 25, "product": 61, "quantity": 1}}, {"model": "counts.share", "pk": 374, "fields": {"menu": 25, "product": 65, "quantity": 2}}, {"model": "counts.share", "pk": 375, "fields": {"menu": 26, "product": 5, "quantity": 1}}, {"model": "counts.share", "pk": 376, "fields": {"menu": 26, "product": 8, "quantity": 2}}, {"model": "counts.share", "pk": 377, "fields": {"menu": 26, "product": 10, "quantity": 2}}, {"model": "counts.share", "pk": 378, "fields": {"menu": 26, "product": 14, "quantity": 2}}, {"model": "counts.share", "pk": 379, "fields": {"menu": 26, "product": 18, "quantity": 2}}, {"model": "counts.share", "pk": 380, "fields": {"menu": 26, "product": 21, "quantity": 2}}, {"model": "counts.share", "pk": 381, "fields": {"menu": 26, "product": 27, "quantity": 2}}, {"model": "counts.share", "pk": 382, "fields": {"menu": 26, "product": 33, "quantity": 2}}, {"model": "counts.share", "pk": 383, "fields": {"menu": 26, "product": 34, "quantity": 2}}, {"model": "counts.share", "pk": 384, "fields": {"menu": 26, "product": 35, "quantity": 2}}, {"model": "counts.share", "pk": 385, "fields": {"menu": 26, "product": 41, "quantity": 2}}, {"model": "counts.share", "pk": 386, "fields": {"menu": 26, "product": 46, "quantity": 2}}, {"model": "counts.share", "pk": 387, "fields": {"menu": 26, "product": 47, "quantity": 2}}, {"model": "counts.share", "pk": 388, "fields": {"menu": 26, "product": 61, "quantity": 2}}, {"model": "counts.share", "pk": 389, "fields": {"menu": 26, "product": 65, "quantity": 3}}, {"model": "counts.share", "pk": 390, "fields": {"menu": 27, "product": 0, "quantity": 1}}, {"model": "counts.share", "pk": 391, "fields": {"menu": 27, "product": 6, "quantity": 1}}, {"model": "counts.share", "pk": 392, "fields": {"menu": 27, "product": 10, "quantity": 1}}, {"model": "counts.share", "pk": 393, "fields": {"menu": 27, "product": 12, "quantity": 1}}, {"model": "counts.share", "pk": 394, "fields": {"menu": 27, "product": 26, "quantity": 1}}, {"model": "counts.share", "pk": 395, "fields": {"menu": 27, "product": 31, "quantity": 1}}, {"model": "counts.share", "pk": 396, "fields": {"menu": 27, "product": 42, "quantity": 1}}, {"model": "counts.share", "pk": 397, "fields": {"menu": 27, "product": 43, "quantity": 1}}, {"model": "counts.share", "pk": 398, "fields": {"menu": 27, "product": 52, "quantity": 1}}, {"model": "counts.share", "pk": 399, "fields": {"menu": 27, "product": 57, "quantity": 1}}, {"model": "counts.share", "pk": 400, "fields": {"menu": 27, "product": 63, "quantity": 1}}, {"model": "counts.share", "pk": 401, "fields": {"menu": 27, "product": 65, "quantity": 1}}, {"model": "counts.share", "pk": 402, "fields": {"menu": 28, "product": 1, "quantity": 1}}, {"model": "counts.share", "pk": 403, "fields": {"menu": 28, "product": 6, "quantity": 1}}, {"model": "counts.share", "pk": 404, "fields": {"menu": 28, "product": 10, "quantity": 1}}, {"model": "counts.share", "pk": 405, "fields": {"menu": 28, "product": 12, "quantity": 1}}, {"model": "counts.share", "pk": 406, "fields": {"menu": 28, "product": 26, "quantity": 2}}, {"model": "counts.share", "pk": 407, "fields": {"menu": 28, "product": 31, "quantity": 1}}, {"model": "counts.share", "pk": 408, "fields": {"menu": 28, "product": 42, "quantity": 1}}, {"model": "counts.share", "pk": 409, "fields": {"menu": 28, "product": 43, "quantity": 1}}, {"model": "counts.share", "pk": 410, "fields": {"menu": 28, "product": 52, "quantity": 2}}, {"model": "counts.share", "pk": 411, "fields": {"menu": 28, "product": 57, "quantity": 2}}, {"model": "counts.share", "pk": 412, "fields": {"menu": 28, "product": 59, "quantity": 1}}, {"model": "counts.share", "pk": 413, "fields": {"menu": 28, "product": 64, "quantity": 1}}, {"model": "counts.share", "pk": 414, "fields": {"menu": 28, "product": 65, "quantity": 2}}, {"model": "counts.share", "pk": 415, "fields": {"menu": 29, "product": 1, "quantity": 2}}, {"model": "counts.share", "pk": 416, "fields": {"menu": 29, "product": 6, "quantity": 1}}, {"model": "counts.share", "pk": 417, "fields": {"menu": 29, "product": 10, "quantity": 2}}, {"model": "counts.share", "pk": 418, "fields": {"menu": 29, "product": 12, "quantity": 1}}, {"model": "counts.share", "pk": 419, "fields": {"menu": 29, "product": 26, "quantity": 2}}, {"model": "counts.share", "pk": 420, "fields": {"menu": 29, "product": 31, "quantity": 2}}, {"model": "counts.share", "pk": 421, "fields": {"menu": 29, "product": 42, "quantity": 2}}, {"model": "counts.share", "pk": 422, "fields": {"menu": 29, "product": 43, "quantity": 2}}, {"model": "counts.share", "pk": 423, "fields": {"menu": 29, "product": 52, "quantity": 3}}, {"model": "counts.share", "pk": 424, "fields": {"menu": 29, "product": 57, "quantity": 2}}, {"model": "counts.share", "pk": 425, "fields": {"menu": 29, "product": 59, "quantity": 1}}, {"model": "counts.share", "pk": 426, "fields": {"menu": 29, "product": 64, "quantity": 1}}, {"model": "counts.share", "pk": 427, "fields": {"menu": 29, "product": 65, "quantity": 3}}, {"model": "counts.share", "pk": 428, "fields": {"menu": 30, "product": 0, "quantity": 1}}, {"model": "counts.share", "pk": 429, "fields": {"menu": 30, "product": 5, "quantity": 1}}, {"model": "counts.share", "pk": 430, "fields": {"menu": 30, "product": 7, "quantity": 1}}, {"model": "counts.share", "pk": 431, "fields": {"menu": 30, "product": 11, "quantity": 1}}, {"model": "counts.share", "pk": 432, "fields": {"menu": 30, "product": 22, "quantity": 1}}, {"model": "counts.share", "pk": 433, "fields": {"menu": 30, "product": 23, "quantity": 2}}, {"model": "counts.share", "pk": 434, "fields": {"menu": 30, "product": 35, "quantity": 1}}, {"model": "counts.share", "pk": 435, "fields": {"menu": 30, "product": 46, "quantity": 1}}, {"model": "counts.share", "pk": 436, "fields": {"menu": 30, "product": 47, "quantity": 1}}, {"model": "counts.share", "pk": 437, "fields": {"menu": 30, "product": 49, "quantity": 1}}, {"model": "counts.share", "pk": 438, "fields": {"menu": 30, "product": 53, "quantity": 1}}, {"model": "counts.share", "pk": 439, "fields": {"menu": 30, "product": 54, "quantity": 1}}, {"model": "counts.share", "pk": 440, "fields": {"menu": 30, "product": 55, "quantity": 1}}, {"model": "counts.share", "pk": 441, "fields": {"menu": 30, "product": 65, "quantity": 1}}, {"model": "counts.share", "pk": 442, "fields": {"menu": 31, "product": 1, "quantity": 1}}, {"model": "counts.share", "pk": 443, "fields": {"menu": 31, "product": 5, "quantity": 1}}, {"model": "counts.share", "pk": 444, "fields": {"menu": 31, "product": 7, "quantity": 1}}, {"model": "counts.share", "pk": 445, "fields": {"menu": 31, "product": 11, "quantity": 2}}, {"model": "counts.share", "pk": 446, "fields": {"menu": 31, "product": 22, "quantity": 2}}, {"model": "counts.share", "pk": 447, "fields": {"menu": 31, "product": 23, "quantity": 2}}, {"model": "counts.share", "pk": 448, "fields": {"menu": 31, "product": 35, "quantity": 1}}, {"model": "counts.share", "pk": 449, "fields": {"menu": 31, "product": 39, "quantity": 1}}, {"model": "counts.share", "pk": 450, "fields": {"menu": 31, "product": 46, "quantity": 1}}, {"model": "counts.share", "pk": 451, "fields": {"menu": 31, "product": 47, "quantity": 2}}, {"model": "counts.share", "pk": 452, "fields": {"menu": 31, "product": 49, "quantity": 1}}, {"model": "counts.share", "pk": 453, "fields": {"menu": 31, "product": 53, "quantity": 1}}, {"model": "counts.share", "pk": 454, "fields": {"menu": 31, "product": 54, "quantity": 2}}, {"model": "counts.share", "pk": 455, "fields": {"menu": 31, "product": 55, "quantity": 2}}, {"model": "counts.share", "pk": 456, "fields": {"menu": 31, "product": 62, "quantity": 1}}, {"model": "counts.share", "pk": 457, "fields": {"menu": 31, "product": 65, "quantity": 2}}, {"model": "counts.share", "pk": 458, "fields": {"menu": 32, "product": 1, "quantity": 2}}, {"model": "counts.share", "pk": 459, "fields": {"menu": 32, "product": 6, "quantity": 1}}, {"model": "counts.share", "pk": 460, "fields": {"menu": 32, "product": 7, "quantity": 1}}, {"model": "counts.share", "pk": 461, "fields": {"menu": 32, "product": 11, "quantity": 2}}, {"model": "counts.share", "pk": 462, "fields": {"menu": 32, "product": 22, "quantity": 2}}, {"model": "counts.share", "pk": 463, "fields": {"menu": 32, "product": 23, "quantity": 4}}, {"model": "counts.share", "pk": 464, "fields": {"menu": 32, "product": 35, "quantity": 2}}, {"model": "counts.share", "pk": 465, "fields": {"menu": 32, "product": 39, "quantity": 2}}, {"model": "counts.share", "pk": 466, "fields": {"menu": 32, "product": 46, "quantity": 2}}, {"model": "counts.share", "pk": 467, "fields": {"menu": 32, "product": 47, "quantity": 3}}, {"model": "counts.share", "pk": 468, "fields": {"menu": 32, "product": 49, "quantity": 2}}, {"model": "counts.share", "pk": 469, "fields": {"menu": 32, "product": 53, "quantity": 2}}, {"model": "counts.share", "pk": 470, "fields": {"menu": 32, "product": 54, "quantity": 2}}, {"model": "counts.share", "pk": 471, "fields": {"menu": 32, "product": 55, "quantity": 2}}, {"model": "counts.share", "pk": 472, "fields": {"menu": 32, "product": 62, "quantity": 1}}, {"model": "counts.share", "pk": 473, "fields": {"menu": 32, "product": 65, "quantity": 3}}, {"model": "counts.share", "pk": 474, "fields": {"menu": 33, "product": 6, "quantity": 1}}, {"model": "counts.share", "pk": 475, "fields": {"menu": 33, "product": 9, "quantity": 1}}, {"model": "counts.share", "pk": 476, "fields": {"menu": 33, "product": 11, "quantity": 1}}, {"model": "counts.share", "pk": 477, "fields": {"menu": 33, "product": 14, "quantity": 1}}, {"model": "counts.share", "pk": 478, "fields": {"menu": 33, "product": 28, "quantity": 1}}, {"model": "counts.share", "pk": 479, "fields": {"menu": 33, "product": 35, "quantity": 1}}, {"model": "counts.share", "pk": 480, "fields": {"menu": 33, "product": 41, "quantity": 1}}, {"model": "counts.share", "pk": 481, "fields": {"menu": 33, "product": 43, "quantity": 1}}, {"model": "counts.share", "pk": 482, "fields": {"menu": 33, "product": 48, "quantity": 1}}, {"model": "counts.share", "pk": 483, "fields": {"menu": 33, "product": 52, "quantity": 1}}, {"model": "counts.share", "pk": 484, "fields": {"menu": 33, "product": 54, "quantity": 1}}, {"model": "counts.share", "pk": 485, "fields": {"menu": 33, "product": 58, "quantity": 1}}, {"model": "counts.share", "pk": 486, "fields": {"menu": 33, "product": 63, "quantity": 1}}, {"model": "counts.share", "pk": 487, "fields": {"menu": 33, "product": 65, "quantity": 1}}, {"model": "counts.share", "pk": 488, "fields": {"menu": 34, "product": 6, "quantity": 1}}, {"model": "counts.share", "pk": 489, "fields": {"menu": 34, "product": 9, "quantity": 1}}, {"model": "counts.share", "pk": 490, "fields": {"menu": 34, "product": 11, "quantity": 1}}, {"model": "counts.share", "pk": 491, "fields": {"menu": 34, "product": 14, "quantity": 2}}, {"model": "counts.share", "pk": 492, "fields": {"menu": 34, "product": 28, "quantity": 1}}, {"model": "counts.share", "pk": 493, "fields": {"menu": 34, "product": 35, "quantity": 1}}, {"model": "counts.share", "pk": 494, "fields": {"menu": 34, "product": 41, "quantity": 2}}, {"model": "counts.share", "pk": 495, "fields": {"menu": 34, "product": 43, "quantity": 1}}, {"model": "counts.share", "pk": 496, "fields": {"menu": 34, "product": 48, "quantity": 1}}, {"model": "counts.share", "pk": 497, "fields": {"menu": 34, "product": 52, "quantity": 1}}, {"model": "counts.share", "pk": 498, "fields": {"menu": 34, "product": 54, "quantity": 2}}, {"model": "counts.share", "pk": 499, "fields": {"menu": 34, "product": 58, "quantity": 1}}, {"model": "counts.share", "pk": 500, "fields": {"menu": 34, "product": 64, "quantity": 1}}, {"model": "counts.share", "pk": 501, "fields": {"menu": 34, "product": 65, "quantity": 2}}, {"model": "counts.share", "pk": 502, "fields": {"menu": 35, "product": 6, "quantity": 1}}, {"model": "counts.share", "pk": 503, "fields": {"menu": 35, "product": 9, "quantity": 2}}, {"model": "counts.share", "pk": 504, "fields": {"menu": 35, "product": 11, "quantity": 2}}, {"model": "counts.share", "pk": 505, "fields": {"menu": 35, "product": 14, "quantity": 2}}, {"model": "counts.share", "pk": 506, "fields": {"menu": 35, "product": 28, "quantity": 2}}, {"model": "counts.share", "pk": 507, "fields": {"menu": 35, "product": 35, "quantity": 2}}, {"model": "counts.share", "pk": 508, "fields": {"menu": 35, "product": 41, "quantity": 2}}, {"model": "counts.share", "pk": 509, "fields": {"menu": 35, "product": 43, "quantity": 1}}, {"model": "counts.share", "pk": 510, "fields": {"menu": 35, "product": 48, "quantity": 1}}, {"model": "counts.share", "pk": 511, "fields": {"menu": 35, "product": 52, "quantity": 2}}, {"model": "counts.share", "pk": 512, "fields": {"menu": 35, "product": 54, "quantity": 4}}, {"model": "counts.share", "pk": 513, "fields": {"menu": 35, "product": 58, "quantity": 2}}, {"model": "counts.share", "pk": 514, "fields": {"menu": 35, "product": 64, "quantity": 1}}, {"model": "counts.share", "pk": 515, "fields": {"menu": 35, "product": 65, "quantity": 3}}, {"model": "counts.share", "pk": 516, "fields": {"menu": 36, "product": 0, "quantity": 1}}, {"model": "counts.share", "pk": 517, "fields": {"menu": 36, "product": 2, "quantity": 1}}, {"model": "counts.share", "pk": 518, "fields": {"menu": 36, "product": 8, "quantity": 1}}, {"model": "counts.share", "pk": 519, "fields": {"menu": 36, "product": 10, "quantity": 1}}, {"model": "counts.share", "pk": 520, "fields": {"menu": 36, "product": 13, "quantity": 1}}, {"model": "counts.share", "pk": 521, "fields": {"menu": 36, "product": 17, "quantity": 1}}, {"model": "counts.share", "pk": 522, "fields": {"menu": 36, "product": 20, "quantity": 1}}, {"model": "counts.share", "pk": 523, "fields": {"menu": 36, "product": 23, "quantity": 2}}, {"model": "counts.share", "pk": 524, "fields": {"menu": 36, "product": 27, "quantity": 1}}, {"model": "counts.share", "pk": 525, "fields": {"menu": 36, "product": 29, "quantity": 1}}, {"model": "counts.share", "pk": 526, "fields": {"menu": 36, "product": 36, "quantity": 1}}, {"model": "counts.share", "pk": 527, "fields": {"menu": 36, "product": 44, "quantity": 1}}, {"model": "counts.share", "pk": 528, "fields": {"menu": 36, "product": 48, "quantity": 1}}, {"model": "counts.share", "pk": 529, "fields": {"menu": 36, "product": 65, "quantity": 1}}, {"model": "counts.share", "pk": 530, "fields": {"menu": 37, "product": 1, "quantity": 1}}, {"model": "counts.share", "pk": 531, "fields": {"menu": 37, "product": 2, "quantity": 2}}, {"model": "counts.share", "pk": 532, "fields": {"menu": 37, "product": 8, "quantity": 2}}, {"model": "counts.share", "pk": 533, "fields": {"menu": 37, "product": 10, "quantity": 1}}, {"model": "counts.share", "pk": 534, "fields": {"menu": 37, "product": 13, "quantity": 2}}, {"model": "counts.share", "pk": 535, "fields": {"menu": 37, "product": 17, "quantity": 2}}, {"model": "counts.share", "pk": 536, "fields": {"menu": 37, "product": 20, "quantity": 2}}, {"model": "counts.share", "pk": 537, "fields": {"menu": 37, "product": 23, "quantity": 2}}, {"model": "counts.share", "pk": 538, "fields": {"menu": 37, "product": 27, "quantity": 1}}, {"model": "counts.share", "pk": 539, "fields": {"menu": 37, "product": 29, "quantity": 2}}, {"model": "counts.share", "pk": 540, "fields": {"menu": 37, "product": 36, "quantity": 2}}, {"model": "counts.share", "pk": 541, "fields": {"menu": 37, "product": 44, "quantity": 2}}, {"model": "counts.share", "pk": 542, "fields": {"menu": 37, "product": 48, "quantity": 1}}, {"model": "counts.share", "pk": 543, "fields": {"menu": 37, "product": 65, "quantity": 2}}, {"model": "counts.share", "pk": 544, "fields": {"menu": 38, "product": 1, "quantity": 2}}, {"model": "counts.share", "pk": 545, "fields": {"menu": 38, "product": 2, "quantity": 3}}, {"model": "counts.share", "pk": 546, "fields": {"menu": 38, "product": 8, "quantity": 2}}, {"model": "counts.share", "pk": 547, "fields": {"menu": 38, "product": 10, "quantity": 2}}, {"model": "counts.share", "pk": 548, "fields": {"menu": 38, "product": 13, "quantity": 2}}, {"model": "counts.share", "pk": 549, "fields": {"menu": 38, "product": 17, "quantity": 2}}, {"model": "counts.share", "pk": 550, "fields": {"menu": 38, "product": 20, "quantity": 2}}, {"model": "counts.share", "pk": 551, "fields": {"menu": 38, "product": 23, "quantity": 4}}, {"model": "counts.share", "pk": 552, "fields": {"menu": 38, "product": 27, "quantity": 2}}, {"model": "counts.share", "pk": 553, "fields": {"menu": 38, "product": 29, "quantity": 2}}, {"model": "counts.share", "pk": 554, "fields": {"menu": 38, "product": 36, "quantity": 2}}, {"model": "counts.share", "pk": 555, "fields": {"menu": 38, "product": 44, "quantity": 2}}, {"model": "counts.share", "pk": 556, "fields": {"menu": 38, "product": 48, "quantity": 1}}, {"model": "counts.share", "pk": 557, "fields": {"menu": 38, "product": 65, "quantity": 3}}, {"model": "counts.share", "pk": 558, "fields": {"menu": 39, "product": 3, "quantity": 1}}, {"model": "counts.share", "pk": 559, "fields": {"menu": 39, "product": 10, "quantity": 1}}, {"model": "counts.share", "pk": 560, "fields": {"menu": 39, "product": 12, "quantity": 1}}, {"model": "counts.share", "pk": 561, "fields": {"menu": 39, "product": 14, "quantity": 1}}, {"model": "counts.share", "pk": 562, "fields": {"menu": 39, "product": 26, "quantity": 1}}, {"model": "counts.share", "pk": 563, "fields": {"menu": 39, "product": 32, "quantity": 1}}, {"model": "counts.share", "pk": 564, "fields": {"menu": 39, "product": 37, "quantity": 1}}, {"model": "counts.share", "pk": 565, "fields": {"menu": 39, "product": 42, "quantity": 1}}, {"model": "counts.share", "pk": 566, "fields": {"menu": 39, "product": 51, "quantity": 1}}, {"model": "counts.share", "pk": 567, "fields": {"menu": 39, "product": 52, "quantity": 1}}, {"model": "counts.share", "pk": 568, "fields": {"menu": 39, "product": 57, "quantity": 1}}, {"model": "counts.share", "pk": 569, "fields": {"menu": 39, "product": 65, "quantity": 1}}, {"model": "counts.share", "pk": 570, "fields": {"menu": 40, "product": 3, "quantity": 2}}, {"model": "counts.share", "pk": 571, "fields": {"menu": 40, "product": 10, "quantity": 2}}, {"model": "counts.share", "pk": 572, "fields": {"menu": 40, "product": 12, "quantity": 1}}, {"model": "counts.share", "pk": 573, "fields": {"menu": 40, "product": 14, "quantity": 1}}, {"model": "counts.share", "pk": 574, "fields": {"menu": 40, "product": 26, "quantity": 2}}, {"model": "counts.share", "pk": 575, "fields": {"menu": 40, "product": 32, "quantity": 1}}, {"model": "counts.share", "pk": 576, "fields": {"menu": 40, "product": 37, "quantity": 1}}, {"model": "counts.share", "pk": 577, "fields": {"menu": 40, "product": 42, "quantity": 1}}, {"model": "counts.share", "pk": 578, "fields": {"menu": 40, "product": 51, "quantity": 1}}, {"model": "counts.share", "pk": 579, "fields": {"menu": 40, "product": 52, "quantity": 2}}, {"model": "counts.share", "pk": 580, "fields": {"menu": 40, "product": 57, "quantity": 2}}, {"model": "counts.share", "pk": 581, "fields": {"menu": 40, "product": 59, "quantity": 1}}, {"model": "counts.share", "pk": 582, "fields": {"menu": 40, "product": 65, "quantity": 2}}, {"model": "counts.share", "pk": 583, "fields": {"menu": 41, "product": 4, "quantity": 1}}, {"model": "counts.share", "pk": 584, "fields": {"menu": 41, "product": 10, "quantity": 2}}, {"model": "counts.share", "pk": 585, "fields": {"menu": 41, "product": 12, "quantity": 1}}, {"model": "counts.share", "pk": 586, "fields": {"menu": 41, "product": 14, "quantity": 2}}, {"model": "counts.share", "pk": 587, "fields": {"menu": 41, "product": 26, "quantity": 2}}, {"model": "counts.share", "pk": 588, "fields": {"menu": 41, "product": 32, "quantity": 2}}, {"model": "counts.share", "pk": 589, "fields": {"menu": 41, "product": 37, "quantity": 2}}, {"model": "counts.share", "pk": 590, "fields": {"menu": 41, "product": 42, "quantity": 1}}, {"model": "counts.share", "pk": 591, "fields": {"menu": 41, "product": 51, "quantity": 1}}, {"model": "counts.share", "pk": 592, "fields": {"menu": 41, "product": 52, "quantity": 3}}, {"model": "counts.share", "pk": 593, "fields": {"menu": 41, "product": 57, "quantity": 2}}, {"model": "counts.share", "pk": 594, "fields": {"menu": 41, "product": 59, "quantity": 1}}, {"model": "counts.share", "pk": 595, "fields": {"menu": 41, "product": 65, "quantity": 3}}, {"model": "counts.share", "pk": 596, "fields": {"menu": 42, "product": 2, "quantity": 1}}, {"model": "counts.share", "pk": 597, "fields": {"menu": 42, "product": 7, "quantity": 1}}, {"model": "counts.share", "pk": 598, "fields": {"menu": 42, "product": 13, "quantity": 1}}, {"model": "counts.share", "pk": 599, "fields": {"menu": 42, "product": 16, "quantity": 1}}, {"model": "counts.share", "pk": 600, "fields": {"menu": 42, "product": 19, "quantity": 1}}, {"model": "counts.share", "pk": 601, "fields": {"menu": 42, "product": 23, "quantity": 2}}, {"model": "counts.share", "pk": 602, "fields": {"menu": 42, "product": 27, "quantity": 1}}, {"model": "counts.share", "pk": 603, "fields": {"menu": 42, "product": 38, "quantity": 1}}, {"model": "counts.share", "pk": 604, "fields": {"menu": 42, "product": 45, "quantity": 1}}, {"model": "counts.share", "pk": 605, "fields": {"menu": 42, "product": 49, "quantity": 1}}, {"model": "counts.share", "pk": 606, "fields": {"menu": 42, "product": 53, "quantity": 1}}, {"model": "counts.share", "pk": 607, "fields": {"menu": 42, "product": 54, "quantity": 1}}, {"model": "counts.share", "pk": 608, "fields": {"menu": 42, "product": 55, "quantity": 1}}, {"model": "counts.share", "pk": 609, "fields": {"menu": 42, "product": 56, "quantity": 1}}, {"model": "counts.share", "pk": 610, "fields": {"menu": 42, "product": 65, "quantity": 1}}, {"model": "counts.share", "pk": 611, "fields": {"menu": 43, "product": 2, "quantity": 2}}, {"model": "counts.share", "pk": 612, "fields": {"menu": 43, "product": 7, "quantity": 1}}, {"model": "counts.share", "pk": 613, "fields": {"menu": 43, "product": 13, "quantity": 2}}, {"model": "counts.share", "pk": 614, "fields": {"menu": 43, "product": 16, "quantity": 2}}, {"model": "counts.share", "pk": 615, "fields": {"menu": 43, "product": 19, "quantity": 2}}, {"model": "counts.share", "pk": 616, "fields": {"menu": 43, "product": 23, "quantity": 2}}, {"model": "counts.share", "pk": 617, "fields": {"menu": 43, "product": 27, "quantity": 2}}, {"model": "counts.share", "pk": 618, "fields": {"menu": 43, "product": 38, "quantity": 1}}, {"model": "counts.share", "pk": 619, "fields": {"menu": 43, "product": 45, "quantity": 1}}, {"model": "counts.share", "pk": 620, "fields": {"menu": 43, "product": 49, "quantity": 1}}, {"model": "counts.share", "pk": 621, "fields": {"menu": 43, "product": 53, "quantity": 1}}, {"model": "counts.share", "pk": 622, "fields": {"menu": 43, "product": 54, "quantity": 2}}, {"model": "counts.share", "pk": 623, "fields": {"menu": 43, "product": 55, "quantity": 2}}, {"model": "counts.share", "pk": 624, "fields": {"menu": 43, "product": 56, "quantity": 1}}, {"model": "counts.share", "pk": 625, "fields": {"menu": 43, "product": 65, "quantity": 2}}, {"model": "counts.share", "pk": 626, "fields": {"menu": 44, "product": 2, "quantity": 3}}, {"model": "counts.share", "pk": 627, "fields": {"menu": 44, "product": 7, "quantity": 1}}, {"model": "counts.share", "pk": 628, "fields": {"menu": 44, "product": 13, "quantity": 2}}, {"model": "counts.share", "pk": 629, "fields": {"menu": 44, "product": 16, "quantity": 4}}, {"model": "counts.share", "pk": 630, "fields": {"menu": 44, "product": 19, "quantity": 2}}, {"model": "counts.share", "pk": 631, "fields": {"menu": 44, "product": 23, "quantity": 4}}, {"model": "counts.share", "pk": 632, "fields": {"menu": 44, "product": 27, "quantity": 2}}, {"model": "counts.share", "pk": 633, "fields": {"menu": 44, "product": 38, "quantity": 2}}, {"model": "counts.share", "pk": 634, "fields": {"menu": 44, "product": 45, "quantity": 2}}, {"model": "counts.share", "pk": 635, "fields": {"menu": 44, "product": 49, "quantity": 2}}, {"model": "counts.share", "pk": 636, "fields": {"menu": 44, "product": 53, "quantity": 1}}, {"model": "counts.share", "pk": 637, "fields": {"menu": 44, "product": 54, "quantity": 3}}, {"model": "counts.share", "pk": 638, "fields": {"menu": 44, "product": 55, "quantity": 2}}, {"model": "counts.share", "pk": 639, "fields": {"menu": 44, "product": 56, "quantity": 1}}, {"model": "counts.share", "pk": 640, "fields": {"menu": 44, "product": 65, "quantity": 3}}, {"model": "counts.share", "pk": 641, "fields": {"menu": 45, "product": 0, "quantity": 1}}, {"model": "counts.share", "pk": 642, "fields": {"menu": 45, "product": 3, "quantity": 1}}, {"model": "counts.share", "pk": 643, "fields": {"menu": 45, "product": 9, "quantity": 1}}, {"model": "counts.share", "pk": 644, "fields": {"menu": 45, "product": 12, "quantity": 1}}, {"model": "counts.share", "pk": 645, "fields": {"menu": 45, "product": 25, "quantity": 1}}, {"model": "counts.share", "pk": 646, "fields": {"menu": 45, "product": 28, "quantity": 1}}, {"model": "counts.share", "pk": 647, "fields": {"menu": 45, "product": 30, "quantity": 1}}, {"model": "counts.share", "pk": 648, "fields": {"menu": 45, "product": 35, "quantity": 1}}, {"model": "counts.share", "pk": 649, "fields": {"menu": 45, "product": 48, "quantity": 1}}, {"model": "counts.share", "pk": 650, "fields": {"menu": 45, "product": 50, "quantity": 1}}, {"model": "counts.share", "pk": 651, "fields": {"menu": 45, "product": 52, "quantity": 1}}, {"model": "counts.share", "pk": 652, "fields": {"menu": 45, "product": 54, "quantity": 1}}, {"model": "counts.share", "pk": 653, "fields": {"menu": 45, "product": 58, "quantity": 1}}, {"model": "counts.share", "pk": 654, "fields": {"menu": 45, "product": 65, "quantity": 1}}, {"model": "counts.share", "pk": 655, "fields": {"menu": 46, "product": 1, "quantity": 1}}, {"model": "counts.share", "pk": 656, "fields": {"menu": 46, "product": 4, "quantity": 1}}, {"model": "counts.share", "pk": 657, "fields": {"menu": 46, "product": 9, "quantity": 1}}, {"model": "counts.share", "pk": 658, "fields": {"menu": 46, "product": 12, "quantity": 1}}, {"model": "counts.share", "pk": 659, "fields": {"menu": 46, "product": 25, "quantity": 2}}, {"model": "counts.share", "pk": 660, "fields": {"menu": 46, "product": 28, "quantity": 1}}, {"model": "counts.share", "pk": 661, "fields": {"menu": 46, "product": 30, "quantity": 1}}, {"model": "counts.share", "pk": 662, "fields": {"menu": 46, "product": 35, "quantity": 1}}, {"model": "counts.share", "pk": 663, "fields": {"menu": 46, "product": 48, "quantity": 1}}, {"model": "counts.share", "pk": 664, "fields": {"menu": 46, "product": 50, "quantity": 1}}, {"model": "counts.share", "pk": 665, "fields": {"menu": 46, "product": 52, "quantity": 1}}, {"model": "counts.share", "pk": 666, "fields": {"menu": 46, "product": 54, "quantity": 2}}, {"model": "counts.share", "pk": 667, "fields": {"menu": 46, "product": 58, "quantity": 1}}, {"model": "counts.share", "pk": 668, "fields": {"menu": 46, "product": 65, "quantity": 2}}, {"model": "counts.share", "pk": 669, "fields": {"menu": 47, "product": 1, "quantity": 2}}, {"model": "counts.share", "pk": 670, "fields": {"menu": 47, "product": 4, "quantity": 1}}, {"model": "counts.share", "pk": 671, "fields": {"menu": 47, "product": 9, "quantity": 2}}, {"model": "counts.share", "pk": 672, "fields": {"menu": 47, "product": 12, "quantity": 1}}, {"model": "counts.share", "pk": 673, "fields": {"menu": 47, "product": 25, "quantity": 2}}, {"model": "counts.share", "pk": 674, "fields": {"menu": 47, "product": 28, "quantity": 2}}, {"model": "counts.share", "pk": 675, "fields": {"menu": 47, "product": 30, "quantity": 1}}, {"model": "counts.share", "pk": 676, "fields": {"menu": 47, "product": 35, "quantity": 2}}, {"model": "counts.share", "pk": 677, "fields": {"menu": 47, "product": 48, "quantity": 1}}, {"model": "counts.share", "pk": 678, "fields": {"menu": 47, "product": 50, "quantity": 2}}, {"model": "counts.share", "pk": 679, "fields": {"menu": 47, "product": 52, "quantity": 2}}, {"model": "counts.share", "pk": 680, "fields": {"menu": 47, "product": 54, "quantity": 4}}, {"model": "counts.share", "pk": 681, "fields": {"menu": 47, "product": 58, "quantity": 2}}, {"model": "counts.share", "pk": 682, "fields": {"menu": 47, "product": 65, "quantity": 3}}, {"model": "counts.share", "pk": 683, "fields": {"menu": 3, "product": 67, "quantity": 1}}, {"model": "counts.share", "pk": 684, "fields": {"menu": 6, "product": 68, "quantity": 1}}, {"model": "counts.share", "pk": 685, "fields": {"menu": 15, "product": 67, "quantity": 1}}, {"model": "counts.share", "pk": 686, "fields": {"menu": 18, "product": 68, "quantity": 1}}, {"model": "counts.share", "pk": 687, "fields": {"menu": 27, "product": 67, "quantity": 1}}, {"model": "counts.share", "pk": 688, "fields": {"menu": 30, "product": 68, "quantity": 1}}, {"model": "counts.share", "pk": 689, "fields": {"menu": 39, "product": 67, "quantity": 1}}, {"model": "counts.share", "pk": 690, "fields": {"menu": 42, "product": 68, "quantity": 1}}, {"model": "counts.substitution", "pk": 1, "fields": {"to_remove": 37, "to_add": 38, "ratio": 1.0}}, {"model": "counts.substitution", "pk": 2, "fields": {"to_remove": 18, "to_add": 17, "ratio": 1.0}}, {"model": "counts.substitution", "pk": 3, "fields": {"to_remove": 19, "to_add": 17, "ratio": 1.0}}, {"model": "counts.substitution", "pk": 4, "fields": {"to_remove": 28, "to_add": 26, "ratio": 1.0}}, {"model": "counts.substitution", "pk": 5, "fields": {"to_remove": 39, "to_add": 25, "ratio": 1.0}}, {"model": "counts.substitution", "pk": 6, "fields": {"to_remove": 30, "to_add": 29, "ratio": 1.0}}, {"model": "counts.substitution", "pk": 7, "fields": {"to_remove": 8, "to_add": 9, "ratio": 1.0}}, {"model": "counts.substitution", "pk": 8, "fields": {"to_remove": 3, "to_add": 2, "ratio": 1.0}}, {"model": "counts.substitution", "pk": 9, "fields": {"to_remove": 4, "to_add": 2, "ratio": 2.0}}, {"model": "counts.substitution", "pk": 10, "fields": {"to_remove": 6, "to_add": 5, "ratio": 1.0}}, {"model": "counts.substitution", "pk": 11, "fields": {"to_remove": 4, "to_add": 3, "ratio": 2.0}}, {"model": "counts.substitution", "pk": 12, "fields": {"to_remove": 48, "to_add": 69, "ratio": 3.0}}, {"model": "counts.substitution", "pk": 13, "fields": {"to_remove": 10, "to_add": 25, "ratio": 2.0}}, {"model": "counts.substitution", "pk": 14, "fields": {"to_remove": 43, "to_add": 35, "ratio": 1.0}}, {"model": "counts.substitution", "pk": 15, "fields": {"to_remove": 15, "to_add": 41, "ratio": 1.0}}, {"model": "counts.substitution", "pk": 16, "fields": {"to_remove": 24, "to_add": 25, "ratio": 1.0}}, {"model": "counts.substitution", "pk": 17, "fields": {"to_remove": 58, "to_add": 57, "ratio": 1.0}}, {"model": "counts.substitution", "pk": 18, "fields": {"to_remove": 53, "to_add": 54, "ratio": 2.0}}, {"model": "counts.substitution", "pk": 19, "fields": {"to_remove": 31, "to_add": 43, "ratio": 1.0}}, {"model": "counts.substitution", "pk": 20, "fields": {"to_remove": 28, "to_add": 27, "ratio": 1.0}}, {"model": "counts.substitution", "pk": 21, "fields": {"to_remove": 34, "to_add": 43, "ratio": 1.0}}, {"model": "counts.substitution", "pk": 22, "fields": {"to_remove": 34, "to_add": 35, "ratio": 1.0}}, {"model": "counts.outofstock", "pk": 1, "fields": {"to_remove": 21}}, {"model": "counts.outofstock", "pk": 2, "fields": {"to_remove": 22}}, {"model": "counts.outofstock", "pk": 3, "fields": {"to_remove": 19}}, {"model": "counts.outofstock", "pk": 4, "fields": {"to_remove": 18}}, {"model": "counts.outofstock", "pk": 5, "fields": {"to_remove": 18}}, {"model": "counts.outofstock", "pk": 6, "fields": {"to_remove": 26}}, {"model": "counts.outofstock", "pk": 7, "fields": {"to_remove": 27}}, {"model": "counts.outofstock", "pk": 8, "fields": {"to_remove": 32}}, {"model": "counts.outofstock", "pk": 9, "fields": {"to_remove": 42}}, {"model": "counts.outofstock", "pk": 10, "fields": {"to_remove": 8}}, {"model": "counts.outofstock", "pk": 11, "fields": {"to_remove": 9}}, {"model": "counts.outofstock", "pk": 12, "fields": {"to_remove": 12}}, {"model": "counts.outofstock", "pk": 13, "fields": {"to_remove": 7}}, {"model": "counts.outofstock", "pk": 14, "fields": {"to_remove": 31}}, {"model": "counts.outofstock", "pk": 15, "fields": {"to_remove": 5}}, {"model": "counts.outofstock", "pk": 16, "fields": {"to_remove": 6}}, {"model": "counts.warehouse", "pk": 1, "fields": {"date": "2021-11-18", "time_window": "AM", "substitutions": [1], "out": [1, 2, 3, 4, 5, 6, 7], "additions": []}}, {"model": "counts.warehouse", "pk": 2, "fields": {"date": "2021-11-18", "time_window": "10-2", "substitutions": [1], "out": [1, 2, 3, 4, 5, 6, 7], "additions": []}}, {"model": "counts.warehouse", "pk": 3, "fields": {"date": "2021-11-18", "time_window": "PM", "substitutions": [1, 2, 3], "out": [1, 2, 3, 4, 5, 6, 7], "additions": []}}, {"model": "counts.warehouse", "pk": 4, "fields": {"date": "2021-11-19", "time_window": "AM", "substitutions": [1, 2, 3], "out": [1, 2, 3, 4, 5, 6, 7], "additions": []}}, {"model": "counts.warehouse", "pk": 5, "fields": {"date": "2021-11-19", "time_window": "PM", "substitutions": [1, 2, 3], "out": [1, 2, 3, 4, 5, 6, 7], "additions": []}}, {"model": "counts.warehouse", "pk": 6, "fields": {"date": "2021-11-22", "time_window": "AM", "substitutions": [1, 2, 3], "out": [1, 2, 3, 4, 5, 6, 7], "additions": []}}, {"model": "counts.warehouse", "pk": 7, "fields": {"date": "2021-11-22", "time_window": "PM", "substitutions": [1, 2, 3], "out": [1, 2, 3, 4, 5, 6, 7], "additions": []}}, {"model": "counts.warehouse", "pk": 8, "fields": {"date": "2021-11-23", "time_window": "AM", "substitutions": [2, 4], "out": [], "additions": []}}, {"model": "counts.warehouse", "pk": 9, "fields": {"date": "2021-11-23", "time_window": "10-2", "substitutions": [2, 4], "out": [], "additions": []}}, {"model": "counts.warehouse", "pk": 10, "fields": {"date": "2021-11-23", "time_window": "PM", "substitutions": [2, 4], "out": [], "additions": []}}, {"model": "counts.warehouse", "pk": 11, "fields": {"date": "2021-11-24", "time_window": "AM", "substitutions": [2], "out": [], "additions": []}}, {"model": "counts.warehouse", "pk": 12, "fields": {"date": "2021-11-24", "time_window": "PM", "substitutions": [2], "out": [], "additions": []}}, {"model": "counts.warehouse", "pk": 13, "fields": {"date": "2021-11-29", "time_window": "AM", "substitutions": [2], "out": [], "additions": []}}, {"model": "counts.warehouse", "pk": 14, "fields": {"date": "2021-11-30", "time_window": "AM", "substitutions": [], "out": [], "additions": []}}, {"model": "counts.warehouse", "pk": 15, "fields": {"date": "2021-11-30", "time_window": "10-2", "substitutions": [2], "out": [], "additions": []}}, {"model": "counts.warehouse", "pk": 16, "fields": {"date": "2021-11-29", "time_window": "PM", "substitutions": [], "out": [], "additions": []}}, {"model": "counts.warehouse", "pk": 17, "fields": {"date": "2021-11-30", "time_window": "PM", "substitutions": [2], "out": [], "additions": []}}, {"model": "counts.warehouse", "pk": 18, "fields": {"date": "2021-12-01", "time_window": "AM", "substitutions": [2], "out": [], "additions": []}}, {"model": "counts.warehouse", "pk": 19, "fields": {"date": "2021-12-01", "time_window": "PM", "substitutions": [2], "out": [], "additions": []}}, {"model": "counts.warehouse", "pk": 20, "fields": {"date": "2021-12-02", "time_window": "AM", "substitutions": [], "out": [], "additions": []}}, {"model": "counts.warehouse", "pk": 21, "fields": {"date": "2021-12-02", "time_window": "10-2", "substitutions": [2], "out": [], "additions": []}}, {"model": "counts.warehouse", "pk": 22, "fields": {"date": "2021-12-02", "time_window": "PM", "substitutions": [], "out": [], "additions": []}}, {"model": "counts.warehouse", "pk": 23, "fields": {"date": "2021-12-03", "time_window": "AM", "substitutions": [], "out": [], "additions": []}}, {"model": "counts.warehouse", "pk": 24, "fields": {"date": "2021-12-03", "time_window": "PM", "substitutions": [], "out": [], "additions": []}}, {"model": "counts.warehouse", "pk": 25, "fields": {"date": "2021-12-06", "time_window": "AM", "substitutions": [2], "out": [], "additions": []}}, {"model": "counts.warehouse", "pk": 26, "fields": {"date": "2021-12-06", "time_window": "PM", "substitutions": [2], "out": [], "additions": []}}, {"model": "counts.warehouse", "pk": 27, "fields": {"date": "2021-12-07", "time_window": "AM", "substitutions": [], "out": [], "additions": []}}, {"model": "counts.warehouse", "pk": 28, "fields": {"date": "2021-12-07", "time_window": "PM", "substitutions": [], "out": [], "additions": []}}, {"model": "counts.warehouse", "pk": 29, "fields": {"date": "2021-12-07", "time_window": "2-Oct", "substitutions": [2], "out": [], "additions": []}}, {"model": "counts.warehouse", "pk": 30, "fields": {"date": "2021-12-08", "time_window": "AM", "substitutions": [2], "out": [], "additions": []}}, {"model": "counts.warehouse", "pk": 31, "fields": {"date": "2021-12-08", "time_window": "PM", "substitutions": [2], "out": [], "additions": []}}, {"model": "counts.warehouse", "pk": 32, "fields": {"date": "2021-12-09", "time_window": "AM", "substitutions": [2], "out": [], "additions": []}}, {"model": "counts.warehouse", "pk": 33, "fields": {"date": "2021-12-09", "time_window": "PIckup", "substitutions": [], "out": [], "additions": []}}, {"model": "counts.warehouse", "pk": 34, "fields": {"date": "2021-12-09", "time_window": "PM", "substitutions": [], "out": [], "additions": []}}, {"model": "counts.warehouse", "pk": 35, "fields": {"date": "2021-12-10", "time_window": "AM", "substitutions": [2], "out": [], "additions": []}}, {"model": "counts.warehouse", "pk": 36, "fields": {"date": "2021-12-10", "time_window": "PM", "substitutions": [2], "out": [], "additions": []}}, {"model": "counts.warehouse", "pk": 37, "fields": {"date": "2021-12-13", "time_window": "AM", "substitutions": [2], "out": [], "additions": []}}, {"model": "counts.warehouse", "pk": 38, "fields": {"date": "2021-12-13", "time_window": "PM", "substitutions": [2], "out": [], "additions": []}}, {"model": "counts.warehouse", "pk": 39, "fields": {"date": "2021-12-14", "time_window": "AM", "substitutions": [2], "out": [], "additions": []}}, {"model": "counts.warehouse", "pk": 40, "fields": {"date": "2021-12-14", "time_window": "10-2", "substitutions": [2], "out": [], "additions": []}}, {"model": "counts.warehouse", "pk": 41, "fields": {"date": "2021-12-14", "time_window": "PM", "substitutions": [2], "out": [], "additions": []}}, {"model": "counts.warehouse", "pk": 42, "fields": {"date": "2021-12-15", "time_window": "AM", "substitutions": [2], "out": [], "additions": []}}, {"model": "counts.warehouse", "pk": 43, "fields": {"date": "2021-12-15", "time_window": "PM", "substitutions": [2], "out": [], "additions": []}}, {"model": "counts.warehouse", "pk": 44, "fields": {"date": "2021-12-16", "time_window": "AM", "substitutions": [2, 5], "out": [8, 9], "additions": []}}, {"model": "counts.warehouse", "pk": 45, "fields": {"date": "2021-12-16", "time_window": "10-2", "substitutions": [2, 5], "out": [8, 9], "additions": []}}, {"model": "counts.warehouse", "pk": 46, "fields": {"date": "2021-12-16", "time_window": "PM", "substitutions": [2, 5], "out": [8, 9], "additions": []}}, {"model": "counts.warehouse", "pk": 47, "fields": {"date": "2021-12-17", "time_window": "AM", "substitutions": [2, 5], "out": [8, 9], "additions": []}}, {"model": "counts.warehouse", "pk": 48, "fields": {"date": "2021-12-17", "time_window": "PM", "substitutions": [2, 5], "out": [8, 9], "additions": []}}, {"model": "counts.warehouse", "pk": 49, "fields": {"date": "2021-12-20", "time_window": "AM", "substitutions": [2, 5], "out": [8, 9], "additions": []}}, {"model": "counts.warehouse", "pk": 50, "fields": {"date": "2021-12-20", "time_window": "PM", "substitutions": [2, 5, 6], "out": [8, 9], "additions": []}}, {"model": "counts.warehouse", "pk": 51, "fields": {"date": "2021-12-21", "time_window": "AM", "substitutions": [2, 5], "out": [8, 9, 10, 11], "additions": []}}, {"model": "counts.warehouse", "pk": 52, "fields": {"date": "2021-12-21", "time_window": "2-Oct", "substitutions": [2, 5, 6], "out": [8, 9, 10, 11], "additions": []}}, {"model": "counts.warehouse", "pk": 53, "fields": {"date": "2021-12-21", "time_window": "PM", "substitutions": [2, 5, 6], "out": [8, 9, 10, 11], "additions": []}}, {"model": "counts.warehouse", "pk": 54, "fields": {"date": "2021-12-22", "time_window": "AM", "substitutions": [2, 5], "out": [8, 10, 11], "additions": []}}, {"model": "counts.warehouse", "pk": 55, "fields": {"date": "2021-12-22", "time_window": "PM", "substitutions": [2, 5], "out": [8, 10, 11], "additions": []}}, {"model": "counts.warehouse", "pk": 56, "fields": {"date": "2021-12-23", "time_window": "AM", "substitutions": [2, 5], "out": [8, 10, 11], "additions": []}}, {"model": "counts.warehouse", "pk": 57, "fields": {"date": "2021-12-23", "time_window": "2-Oct", "substitutions": [2, 5], "out": [8, 10, 11], "additions": []}}, {"model": "counts.warehouse", "pk": 58, "fields": {"date": "2021-12-23", "time_window": "PM", "substitutions": [2, 5], "out": [8, 10, 11], "additions": []}}, {"model": "counts.warehouse", "pk": 59, "fields": {"date": "2021-12-28", "time_window": "AM", "substitutions": [2, 5], "out": [8, 10, 11], "additions": []}}, {"model": "counts.warehouse", "pk": 60, "fields": {"date": "2021-12-28", "time_window": "2-Oct", "substitutions": [2, 5], "out": [8, 10, 11], "additions": []}}, {"model": "counts.warehouse", "pk": 61, "fields": {"date": "2021-12-28", "time_window": "PM", "substitutions": [2, 5], "out": [8, 10, 11], "additions": []}}, {"model": "counts.warehouse", "pk": 62, "fields": {"date": "2021-12-29", "time_window": "AM", "substitutions": [5], "out": [8, 10, 11], "additions": []}}, {"model": "counts.warehouse", "pk": 63, "fields": {"date": "2021-12-29", "time_window": "PM", "substitutions": [5], "out": [8, 10, 11], "additions": []}}, {"model": "counts.warehouse", "pk": 64, "fields": {"date": "2021-12-30", "time_window": "AM", "substitutions": [], "out": [10, 11], "additions": []}}, {"model": "counts.warehouse", "pk": 65, "fields": {"date": "2021-12-30", "time_window": "10-2", "substitutions": [], "out": [8, 10, 11], "additions": []}}, {"model": "counts.warehouse", "pk": 66, "fields": {"date": "2021-12-30", "time_window": "PM", "substitutions": [], "out": [8, 10, 11], "additions": []}}, {"model": "counts.warehouse", "pk": 67, "fields": {"date": "2022-01-04", "time_window": "AM", "substitutions": [], "out": [10, 11], "additions": []}}, {"model": "counts.warehouse", "pk": 68, "fields": {"date": "2022-01-04", "time_window": "INCIDENT CLEAR", "substitutions": [], "out": [10, 11], "additions": []}}, {"model": "counts.warehouse", "pk": 69, "fields": {"date": "2022-01-04", "time_window": "PM", "substitutions": [], "out": [10, 11], "additions": []}}, {"model": "counts.warehouse", "pk": 70, "fields": {"date": "2022-01-05", "time_window": "AM", "substitutions": [7], "out": [], "additions": []}}, {"model": "counts.warehouse", "pk": 71, "fields": {"date": "2022-01-05", "time_window": "PM", "substitutions": [7, 8, 9, 10], "out": [], "additions": []}}, {"model": "counts.warehouse", "pk": 72, "fields": {"date": "2022-01-06", "time_window": "AM", "substitutions": [7, 8, 9, 10], "out": [5], "additions": []}}, {"model": "counts.warehouse", "pk": 73, "fields": {"date": "2022-01-06", "time_window": "10 to 2", "substitutions": [7, 8, 9, 10], "out": [4], "additions": []}}, {"model": "counts.warehouse", "pk": 74, "fields": {"date": "2022-01-06", "time_window": "PM", "substitutions": [7, 8, 9, 10], "out": [4], "additions": []}}, {"model": "counts.warehouse", "pk": 75, "fields": {"date": "2022-01-07", "time_window": "AM", "substitutions": [2, 7, 10, 11], "out": [], "additions": []}}, {"model": "counts.warehouse", "pk": 76, "fields": {"date": "2022-01-07", "time_window": "PM", "substitutions": [7, 10, 11], "out": [12], "additions": []}}, {"model": "counts.warehouse", "pk": 77, "fields": {"date": "2022-01-10", "time_window": "AM", "substitutions": [7, 10, 11], "out": [12, 13], "additions": []}}, {"model": "counts.warehouse", "pk": 78, "fields": {"date": "2022-01-10", "time_window": "PM", "substitutions": [7, 10, 11], "out": [12, 13], "additions": []}}, {"model": "counts.warehouse", "pk": 79, "fields": {"date": "2022-01-11", "time_window": "AM", "substitutions": [7, 10, 11], "out": [12, 13], "additions": []}}, {"model": "counts.warehouse", "pk": 80, "fields": {"date": "2022-01-11", "time_window": "10-2", "substitutions": [7, 10, 11], "out": [12, 13], "additions": []}}, {"model": "counts.warehouse", "pk": 81, "fields": {"date": "2022-01-11", "time_window": "PM", "substitutions": [7, 10, 11], "out": [12, 13], "additions": []}}, {"model": "counts.warehouse", "pk": 82, "fields": {"date": "2022-01-12", "time_window": "AM", "substitutions": [], "out": [], "additions": []}}, {"model": "counts.warehouse", "pk": 83, "fields": {"date": "2022-01-12", "time_window": "PM", "substitutions": [7], "out": [13], "additions": []}}, {"model": "counts.warehouse", "pk": 84, "fields": {"date": "2022-01-13", "time_window": "AM", "substitutions": [], "out": [13], "additions": []}}, {"model": "counts.warehouse", "pk": 85, "fields": {"date": "2022-01-13", "time_window": "10-2", "substitutions": [], "out": [], "additions": []}}, {"model": "counts.warehouse", "pk": 86, "fields": {"date": "2022-01-13", "time_window": "PM", "substitutions": [], "out": [], "additions": []}}, {"model": "counts.warehouse", "pk": 87, "fields": {"date": "2022-01-14", "time_window": "AM", "substitutions": [], "out": [], "additions": []}}, {"model": "counts.warehouse", "pk": 88, "fields": {"date": "2022-01-14", "time_window": "PM", "substitutions": [], "out": [], "additions": []}}, {"model": "counts.warehouse", "pk": 89, "fields": {"date": "2022-01-17", "time_window": "AM", "substitutions": [], "out": [], "additions": []}}, {"model": "counts.warehouse", "pk": 90, "fields": {"date": "2022-01-17", "time_window": "PM", "substitutions": [], "out": [], "additions": []}}, {"model": "counts.warehouse", "pk": 91, "fields": {"date": "2022-01-18", "time_window": "AM", "substitutions": [], "out": [13], "additions": []}}, {"model": "counts.warehouse", "pk": 92, "fields": {"date": "2022-01-18", "time_window": "10-2", "substitutions": [], "out": [13], "additions": []}}, {"model": "counts.warehouse", "pk": 93, "fields": {"date": "2022-01-18", "time_window": "PM", "substitutions": [], "out": [13], "additions": []}}, {"model": "counts.warehouse", "pk": 94, "fields": {"date": "2022-01-19", "time_window": "AM", "substitutions": [], "out": [], "additions": []}}, {"model": "counts.warehouse", "pk": 95, "fields": {"date": "2022-01-19", "time_window": "PM", "substitutions": [], "out": [], "additions": []}}, {"model": "counts.warehouse", "pk": 96, "fields": {"date": "2022-01-20", "time_window": "AM", "substitutions": [], "out": [], "additions": []}}, {"model": "counts.warehouse", "pk": 97, "fields": {"date": "2022-01-20", "time_window": "PM", "substitutions": [], "out": [], "additions": []}}, {"model": "counts.warehouse", "pk": 98, "fields": {"date": "2022-01-21", "time_window": "AM", "substitutions": [], "out": [], "additions": []}}, {"model": "counts.warehouse", "pk": 99, "fields": {"date": "2022-01-21", "time_window": "PM", "substitutions": [], "out": [], "additions": []}}, {"model": "counts.warehouse", "pk": 100, "fields": {"date": "2022-01-25", "time_window": "AM", "substitutions": [], "out": [], "additions": []}}, {"model": "counts.warehouse", "pk": 101, "fields": {"date": "2022-01-25", "time_window": "10-2", "substitutions": [], "out": [], "additions": []}}, {"model": "counts.warehouse", "pk": 102, "fields": {"date": "2022-01-25", "time_window": "PM", "substitutions": [], "out": [], "additions": []}}, {"model": "counts.warehouse", "pk": 103, "fields": {"date": "2022-01-26", "time_window": "AM", "substitutions": [], "out": [], "additions": []}}, {"model": "counts.warehouse", "pk": 104, "fields": {"date": "2022-01-26", "time_window": "PM", "substitutions": [], "out": [], "additions": []}}, {"model": "counts.warehouse", "pk": 105, "fields": {"date": "2022-01-27", "time_window": "AM", "substitutions": [], "out": [], "additions": []}}, {"model": "counts.warehouse", "pk": 106, "fields": {"date": "2022-01-27", "time_window": "10-2", "substitutions": [], "out": [], "additions": []}}, {"model": "counts.warehouse", "pk": 107, "fields": {"date": "2022-01-27", "time_window": "PM", "substitutions": [], "out": [], "additions": []}}, {"model": "counts.warehouse", "pk": 108, "fields": {"date": "2022-01-28", "time_window": "AM", "substitutions": [], "out": [], "additions": []}}, {"model": "counts.warehouse", "pk": 109, "fields": {"date": "2022-01-28", "time_window": "PM", "substitutions": [], "out": [], "additions": []}}, {"model": "counts.warehouse", "pk": 110, "fields": {"date": "2022-01-31", "time_window": "AM", "substitutions": [], "out": [], "additions": []}}, {"model": "counts.warehouse", "pk": 111, "fields": {"date": "2022-01-31", "time_window": "PM", "substitutions": [], "out": [], "additions": []}}, {"model": "counts.warehouse", "pk": 112, "fields": {"date": "2022-02-01", "time_window": "2-Oct", "substitutions": [], "out": [], "additions": []}}, {"model": "counts.warehouse", "pk": 113, "fields": {"date": "2022-02-01", "time_window": "AM", "substitutions": [], "out": [], "additions": []}}, {"model": "counts.warehouse", "pk": 114, "fields": {"date": "2022-02-01", "time_window": "PM", "substitutions": [], "out": [], "additions": []}}, {"model": "counts.warehouse", "pk": 115, "fields": {"date": "2022-02-02", "time_window": "AM", "substitutions": [], "out": [], "additions": []}}, {"model": "counts.warehouse", "pk": 116, "fields": {"date": "2022-02-04", "time_window": "AM", "substitutions": [], "out": [], "additions": []}}, {"model": "counts.warehouse", "pk": 117, "fields": {"date": "2022-02-04", "time_window": "PM", "substitutions": [], "out": [], "additions": []}}, {"model": "counts.warehouse", "pk": 118, "fields": {"date": "2022-02-07", "time_window": "AM", "substitutions": [], "out": [], "additions": []}}, {"model": "counts.warehouse", "pk": 119, "fields": {"date": "2022-02-07", "time_window": "PM", "substitutions": [], "out": [], "additions": []}}, {"model": "counts.warehouse", "pk": 120, "fields": {"date": "2022-02-08", "time_window": "AM", "substitutions": [], "out": [], "additions": []}}, {"model": "counts.warehouse", "pk": 121, "fields": {"date": "2022-02-08", "time_window": "PM", "substitutions": [], "out": [], "additions": []}}, {"model": "counts.warehouse", "pk": 122, "fields": {"date": "2022-02-09", "time_window": "AM", "substitutions": [], "out": [], "additions": []}}, {"model": "counts.warehouse", "pk": 123, "fields": {"date": "2022-02-09", "time_window": "PM", "substitutions": [], "out": [], "additions": []}}, {"model": "counts.warehouse", "pk": 124, "fields": {"date": "2022-02-10", "time_window": "AM", "substitutions": [], "out": [], "additions": []}}, {"model": "counts.warehouse", "pk": 125, "fields": {"date": "2022-02-10", "time_window": "PM", "substitutions": [], "out": [], "additions": []}}, {"model": "counts.warehouse", "pk": 126, "fields": {"date": "2022-02-10", "time_window": "10-2", "substitutions": [], "out": [], "additions": []}}, {"model": "counts.warehouse", "pk": 127, "fields": {"date": "2022-02-11", "time_window": "AM", "substitutions": [], "out": [], "additions": []}}, {"model": "counts.warehouse", "pk": 128, "fields": {"date": "2022-02-11", "time_window": "PM", "substitutions": [], "out": [], "additions": []}}, {"model": "counts.warehouse", "pk": 129, "fields": {"date": "2022-02-14", "time_window": "AM", "substitutions": [], "out": [], "additions": []}}, {"model": "counts.warehouse", "pk": 130, "fields": {"date": "2022-02-14", "time_window": "PM", "substitutions": [], "out": [], "additions": []}}, {"model": "counts.warehouse", "pk": 131, "fields": {"date": "2022-02-15", "time_window": "AM", "substitutions": [], "out": [], "additions": []}}, {"model": "counts.warehouse", "pk": 132, "fields": {"date": "2022-02-15", "time_window": "PM", "substitutions": [], "out": [], "additions": []}}, {"model": "counts.warehouse", "pk": 133, "fields": {"date": "2022-02-16", "time_window": "AM", "substitutions": [], "out": [], "additions": []}}, {"model": "counts.warehouse", "pk": 134, "fields": {"date": "2022-02-16", "time_window": "PM", "substitutions": [], "out": [], "additions": []}}, {"model": "counts.warehouse", "pk": 135, "fields": {"date": "2022-02-17", "time_window": "AM", "substitutions": [], "out": [], "additions": []}}, {"model": "counts.warehouse", "pk": 136, "fields": {"date": "2022-02-17", "time_window": "PM", "substitutions": [], "out": [], "additions": []}}, {"model": "counts.warehouse", "pk": 137, "fields": {"date": "2022-02-18", "time_window": "PM", "substitutions": [], "out": [], "additions": []}}, {"model": "counts.warehouse", "pk": 138, "fields": {"date": "2022-02-18", "time_window": "AM", "substitutions": [], "out": [], "additions": []}}, {"model": "counts.warehouse", "pk": 139, "fields": {"date": "2022-02-21", "time_window": "AM", "substitutions": [], "out": [], "additions": []}}, {"model": "counts.warehouse", "pk": 140, "fields": {"date": "2022-02-21", "time_window": "PM", "substitutions": [], "out": [], "additions": []}}, {"model": "counts.warehouse", "pk": 141, "fields": {"date": "2022-02-22", "time_window": "AM", "substitutions": [], "out": [], "additions": []}}, {"model": "counts.warehouse", "pk": 142, "fields": {"date": "2022-02-22", "time_window": "PM", "substitutions": [], "out": [], "additions": []}}, {"model": "counts.warehouse", "pk": 143, "fields": {"date": "2022-02-23", "time_window": "AM", "substitutions": [], "out": [], "additions": []}}, {"model": "counts.warehouse", "pk": 144, "fields": {"date": "2022-02-23", "time_window": "PM", "substitutions": [], "out": [], "additions": []}}, {"model": "counts.warehouse", "pk": 145, "fields": {"date": "2022-02-24", "time_window": "AM", "substitutions": [], "out": [], "additions": []}}, {"model": "counts.warehouse", "pk": 146, "fields": {"date": "2022-02-24", "time_window": "AM - Gleaners", "substitutions": [], "out": [], "additions": []}}, {"model": "counts.warehouse", "pk": 147, "fields": {"date": "2022-02-24", "time_window": "PM", "substitutions": [], "out": [], "additions": []}}, {"model": "counts.warehouse", "pk": 148, "fields": {"date": "2022-02-25", "time_window": "AM", "substitutions": [], "out": [], "additions": []}}, {"model": "counts.warehouse", "pk": 149, "fields": {"date": "2022-02-25", "time_window": "PM", "substitutions": [], "out": [], "additions": []}}, {"model": "counts.warehouse", "pk": 150, "fields": {"date": "2022-02-28", "time_window": "AM", "substitutions": [12], "out": [], "additions": []}}, {"model": "counts.warehouse", "pk": 151, "fields": {"date": "2022-02-28", "time_window": "PM", "substitutions": [12], "out": [], "additions": []}}, {"model": "counts.warehouse", "pk": 152, "fields": {"date": "2022-03-01", "time_window": "AM", "substitutions": [12], "out": [], "additions": []}}, {"model": "counts.warehouse", "pk": 153, "fields": {"date": "2022-03-01", "time_window": "PM", "substitutions": [12], "out": [], "additions": []}}, {"model": "counts.warehouse", "pk": 154, "fields": {"date": "2022-03-02", "time_window": "AM", "substitutions": [1, 12], "out": [], "additions": []}}, {"model": "counts.warehouse", "pk": 155, "fields": {"date": "2022-03-02", "time_window": "PM", "substitutions": [1, 12], "out": [], "additions": []}}, {"model": "counts.warehouse", "pk": 156, "fields": {"date": "2022-03-03", "time_window": "AM", "substitutions": [1, 12], "out": [], "additions": []}}, {"model": "counts.warehouse", "pk": 157, "fields": {"date": "2022-03-03", "time_window": "PM", "substitutions": [1, 10, 12], "out": [], "additions": []}}, {"model": "counts.warehouse", "pk": 158, "fields": {"date": "2022-03-04", "time_window": "AM", "substitutions": [1, 12], "out": [], "additions": []}}, {"model": "counts.warehouse", "pk": 159, "fields": {"date": "2022-03-04", "time_window": "PM", "substitutions": [1, 12], "out": [], "additions": []}}, {"model": "counts.warehouse", "pk": 160, "fields": {"date": "2022-03-07", "time_window": "AM", "substitutions": [1], "out": [], "additions": []}}, {"model": "counts.warehouse", "pk": 161, "fields": {"date": "2022-03-07", "time_window": "PM", "substitutions": [], "out": [], "additions": []}}, {"model": "counts.warehouse", "pk": 162, "fields": {"date": "2022-03-08", "time_window": "AM", "substitutions": [1], "out": [], "additions": []}}, {"model": "counts.warehouse", "pk": 163, "fields": {"date": "2022-03-08", "time_window": "PM", "substitutions": [1], "out": [], "additions": []}}, {"model": "counts.warehouse", "pk": 164, "fields": {"date": "2022-03-09", "time_window": "AM", "substitutions": [1], "out": [], "additions": []}}, {"model": "counts.warehouse", "pk": 165, "fields": {"date": "2022-03-09", "time_window": "PM", "substitutions": [1], "out": [], "additions": []}}, {"model": "counts.warehouse", "pk": 166, "fields": {"date": "2022-03-10", "time_window": "AM", "substitutions": [], "out": [], "additions": []}}, {"model": "counts.warehouse", "pk": 167, "fields": {"date": "2022-03-10", "time_window": "PM", "substitutions": [], "out": [], "additions": []}}, {"model": "counts.warehouse", "pk": 168, "fields": {"date": "2022-03-11", "time_window": "AM", "substitutions": [13], "out": [], "additions": []}}, {"model": "counts.warehouse", "pk": 169, "fields": {"date": "2022-03-11", "time_window": "PM", "substitutions": [], "out": [14], "additions": []}}, {"model": "counts.warehouse", "pk": 170, "fields": {"date": "2022-03-14", "time_window": "AM", "substitutions": [14, 15, 16, 17, 18], "out": [], "additions": []}}, {"model": "counts.warehouse", "pk": 171, "fields": {"date": "2022-03-14", "time_window": "PM", "substitutions": [14, 15, 16, 17, 18], "out": [], "additions": []}}, {"model": "counts.warehouse", "pk": 172, "fields": {"date": "2022-03-15", "time_window": "AM", "substitutions": [], "out": [], "additions": []}}, {"model": "counts.warehouse", "pk": 173, "fields": {"date": "2022-03-15", "time_window": "PM", "substitutions": [13, 14, 15, 16, 17, 18], "out": [], "additions": []}}, {"model": "counts.warehouse", "pk": 174, "fields": {"date": "2022-03-16", "time_window": "AM", "substitutions": [], "out": [], "additions": []}}, {"model": "counts.warehouse", "pk": 175, "fields": {"date": "2022-03-16", "time_window": "PM", "substitutions": [14, 15, 16, 17, 18], "out": [], "additions": []}}, {"model": "counts.warehouse", "pk": 176, "fields": {"date": "2022-03-17", "time_window": "AM", "substitutions": [15, 16, 17, 18], "out": [], "additions": []}}, {"model": "counts.warehouse", "pk": 177, "fields": {"date": "2022-03-17", "time_window": "PM", "substitutions": [15, 16, 17, 18], "out": [], "additions": []}}, {"model": "counts.warehouse", "pk": 178, "fields": {"date": "2022-03-18", "time_window": "AM", "substitutions": [15, 16, 17, 18], "out": [], "additions": []}}, {"model": "counts.warehouse", "pk": 179, "fields": {"date": "2022-03-18", "time_window": "PM", "substitutions": [15, 16, 17, 18], "out": [], "additions": []}}, {"model": "counts.warehouse", "pk": 180, "fields": {"date": "2022-03-21", "time_window": "AM", "substitutions": [15, 16, 17, 18], "out": [], "additions": []}}, {"model": "counts.warehouse", "pk": 181, "fields": {"date": "2022-03-21", "time_window": "PM", "substitutions": [15, 16, 17, 18], "out": [], "additions": []}}, {"model": "counts.warehouse", "pk": 182, "fields": {"date": "2022-03-22", "time_window": "AM", "substitutions": [15, 16, 17, 18], "out": [], "additions": []}}, {"model": "counts.warehouse", "pk": 183, "fields": {"date": "2022-03-22", "time_window": "PM", "substitutions": [15, 16, 17, 18], "out": [], "additions": []}}, {"model": "counts.warehouse", "pk": 184, "fields": {"date": "2022-03-23", "time_window": "AM", "substitutions": [15, 16, 17, 18], "out": [], "additions": []}}, {"model": "counts.warehouse", "pk": 185, "fields": {"date": "2022-03-23", "time_window": "PM", "substitutions": [15, 16, 17, 18], "out": [], "additions": []}}, {"model": "counts.warehouse", "pk": 186, "fields": {"date": "2022-03-24", "time_window": "AM", "substitutions": [15, 16, 17, 18], "out": [], "additions": []}}, {"model": "counts.warehouse", "pk": 187, "fields": {"date": "2022-03-24", "time_window": "PM", "substitutions": [15, 16, 17, 18], "out": [], "additions": []}}, {"model": "counts.warehouse", "pk": 188, "fields": {"date": "2022-03-25", "time_window": "AM", "substitutions": [15, 16, 17, 18], "out": [], "additions": []}}, {"model": "counts.warehouse", "pk": 189, "fields": {"date": "2022-03-25", "time_window": "PM", "substitutions": [15, 16, 17, 18], "out": [], "additions": []}}, {"model": "counts.warehouse", "pk": 190, "fields": {"date": "2022-03-25", "time_window": "HAZEL PARK", "substitutions": [4, 15, 16, 17, 19], "out": [], "additions": []}}, {"model": "counts.warehouse", "pk": 191, "fields": {"date": "2022-03-28", "time_window": "AM", "substitutions": [15, 16, 17, 18], "out": [], "additions": []}}, {"model": "counts.warehouse", "pk": 192, "fields": {"date": "2022-03-28", "time_window": "PM", "substitutions": [15, 16, 17, 18], "out": [], "additions": []}}, {"model": "counts.warehouse", "pk": 193, "fields": {"date": "2022-03-29", "time_window": "AM", "substitutions": [15, 16, 17, 18], "out": [], "additions": []}}, {"model": "counts.warehouse", "pk": 194, "fields": {"date": "2022-03-29", "time_window": "PM", "substitutions": [15, 16, 17, 18], "out": [], "additions": []}}, {"model": "counts.warehouse", "pk": 195, "fields": {"date": "2022-03-30", "time_window": "AM", "substitutions": [15, 16, 17, 18], "out": [], "additions": []}}, {"model": "counts.warehouse", "pk": 196, "fields": {"date": "2022-03-30", "time_window": "PM", "substitutions": [15, 16, 17, 18], "out": [], "additions": []}}, {"model": "counts.warehouse", "pk": 197, "fields": {"date": "2022-03-31", "time_window": "AM", "substitutions": [15, 16, 17, 18], "out": [], "additions": []}}, {"model": "counts.warehouse", "pk": 198, "fields": {"date": "2022-03-31", "time_window": "PM", "substitutions": [15, 16, 17, 18], "out": [], "additions": []}}, {"model": "counts.warehouse", "pk": 199, "fields": {"date": "2022-04-01", "time_window": "AM", "substitutions": [15, 16, 17, 18], "out": [], "additions": []}}, {"model": "counts.warehouse", "pk": 200, "fields": {"date": "2022-04-01", "time_window": "PM", "substitutions": [15, 16, 17, 18], "out": [], "additions": []}}, {"model": "counts.warehouse", "pk": 201, "fields": {"date": "2022-04-04", "time_window": "AM", "substitutions": [15, 16, 17, 18], "out": [], "additions": []}}, {"model": "counts.warehouse", "pk": 202, "fields": {"date": "2022-04-04", "time_window": "PM", "substitutions": [15, 16, 17, 18], "out": [], "additions": []}}, {"model": "counts.warehouse", "pk": 203, "fields": {"date": "2022-04-05", "time_window": "AM", "substitutions": [15, 16, 19, 20], "out": [], "additions": []}}, {"model": "counts.warehouse", "pk": 204, "fields": {"date": "2022-04-05", "time_window": "PM", "substitutions": [15, 16, 19, 20], "out": [], "additions": []}}, {"model": "counts.warehouse", "pk": 205, "fields": {"date": "2022-04-06", "time_window": "AM", "substitutions": [15, 16, 19, 20], "out": [], "additions": []}}, {"model": "counts.warehouse", "pk": 206, "fields": {"date": "2022-04-06", "time_window": "PM", "substitutions": [16, 17, 19, 20], "out": [], "additions": []}}, {"model": "counts.warehouse", "pk": 207, "fields": {"date": "2022-04-07", "time_window": "AM", "substitutions": [4, 15, 16, 18, 19], "out": [], "additions": []}}, {"model": "counts.warehouse", "pk": 208, "fields": {"date": "2022-04-07", "time_window": "PM", "substitutions": [4, 15, 16, 18, 19], "out": [], "additions": []}}, {"model": "counts.warehouse", "pk": 209, "fields": {"date": "2022-04-08", "time_window": "AM", "substitutions": [4, 15, 16, 17, 19], "out": [], "additions": []}}, {"model": "counts.warehouse", "pk": 210, "fields": {"date": "2022-04-08", "time_window": "PM", "substitutions": [15, 16, 17, 19, 20], "out": [], "additions": []}}, {"model": "counts.warehouse", "pk": 211, "fields": {"date": "2022-04-11", "time_window": "AM", "substitutions": [15, 16, 17, 19, 20], "out": [], "additions": []}}, {"model": "counts.warehouse", "pk": 212, "fields": {"date": "2022-04-11", "time_window": "PM", "substitutions": [15, 16, 17, 19, 20], "out": [], "additions": []}}, {"model": "counts.warehouse", "pk": 213, "fields": {"date": "2022-04-12", "time_window": "AM", "substitutions": [4, 15, 16, 17, 19], "out": [], "additions": []}}, {"model": "counts.warehouse", "pk": 214, "fields": {"date": "2022-04-12", "time_window": "PM", "substitutions": [4, 15, 16, 17, 19], "out": [], "additions": []}}, {"model": "counts.warehouse", "pk": 215, "fields": {"date": "2022-04-13", "time_window": "AM", "substitutions": [4, 15, 16, 17, 19], "out": [], "additions": []}}, {"model": "counts.warehouse", "pk": 216, "fields": {"date": "2022-04-13", "time_window": "PM", "substitutions": [4, 15, 16, 17, 18, 19], "out": [], "additions": []}}, {"model": "counts.warehouse", "pk": 217, "fields": {"date": "2022-04-14", "time_window": "AM", "substitutions": [14, 15, 16, 17, 19, 20], "out": [], "additions": []}}, {"model": "counts.warehouse", "pk": 218, "fields": {"date": "2022-04-14", "time_window": "PM", "substitutions": [15, 16, 17, 19, 20], "out": [], "additions": []}}, {"model": "counts.warehouse", "pk": 219, "fields": {"date": "2022-04-15", "time_window": "AM", "substitutions": [15, 16, 17, 18, 19, 20], "out": [], "additions": []}}, {"model": "counts.warehouse", "pk": 220, "fields": {"date": "2022-04-15", "time_window": "PM", "substitutions": [15, 16, 17, 18, 19, 20], "out": [], "additions": []}}, {"model": "counts.warehouse", "pk": 221, "fields": {"date": "2022-04-18", "time_window": "AM", "substitutions": [4, 15, 16, 17, 19], "out": [], "additions": []}}, {"model": "counts.warehouse", "pk": 222, "fields": {"date": "2022-04-18", "time_window": "PM", "substitutions": [4, 15, 16, 17, 19], "out": [], "additions": []}}, {"model": "counts.warehouse", "pk": 223, "fields": {"date": "2022-04-19", "time_window": "AM", "substitutions": [15, 16, 17, 18, 19, 20], "out": [], "additions": []}}, {"model": "counts.warehouse", "pk": 224, "fields": {"date": "2022-04-19", "time_window": "PM", "substitutions": [15, 16, 17, 18, 19, 20], "out": [], "additions": []}}, {"model": "counts.warehouse", "pk": 225, "fields": {"date": "2022-04-20", "time_window": "AM", "substitutions": [15, 16, 17, 18, 19, 20, 21], "out": [], "additions": []}}, {"model": "counts.warehouse", "pk": 226, "fields": {"date": "2022-04-20", "time_window": "PM", "substitutions": [15, 16, 17, 18, 19, 20, 22], "out": [3], "additions": []}}, {"model": "counts.warehouse", "pk": 227, "fields": {"date": "2022-04-21", "time_window": "PM", "substitutions": [15, 16, 17, 18, 19, 20, 22], "out": [], "additions": []}}, {"model": "counts.warehouse", "pk": 228, "fields": {"date": "2022-04-21", "time_window": "AM", "substitutions": [15, 16, 17, 18, 19, 20, 22], "out": [], "additions": []}}, {"model": "counts.warehouse", "pk": 229, "fields": {"date": "2022-04-22", "time_window": "AM", "substitutions": [15, 16, 17, 18, 19, 20, 22], "out": [], "additions": []}}, {"model": "counts.warehouse", "pk": 230, "fields": {"date": "2022-04-22", "time_window": "PM", "substitutions": [15, 16, 17, 18, 19, 20, 22], "out": [], "additions": []}}, {"model": "counts.warehouse", "pk": 231, "fields": {"date": "2022-04-22", "time_window": "DROP OFF", "substitutions": [15, 16, 17, 18, 19, 20, 22], "out": [], "additions": []}}, {"model": "counts.warehouse", "pk": 232, "fields": {"date": "2022-04-25", "time_window": "AM", "substitutions": [15, 16, 17, 18, 22], "out": [], "additions": []}}, {"model": "counts.warehouse", "pk": 233, "fields": {"date": "2022-04-25", "time_window": "PM", "substitutions": [15, 16, 17, 22], "out": [], "additions": []}}, {"model": "counts.warehouse", "pk": 234, "fields": {"date": "2022-04-26", "time_window": "AM", "substitutions": [15, 16, 17, 18, 22], "out": [], "additions": []}}, {"model": "counts.warehouse", "pk": 235, "fields": {"date": "2022-04-26", "time_window": "PM", "substitutions": [15, 16, 17, 18, 22], "out": [], "additions": []}}, {"model": "counts.warehouse", "pk": 236, "fields": {"date": "2022-04-27", "time_window": "AM", "substitutions": [15, 16, 17, 18, 22], "out": [], "additions": []}}, {"model": "counts.warehouse", "pk": 237, "fields": {"date": "2022-04-27", "time_window": "PM", "substitutions": [15, 16, 17, 21], "out": [], "additions": []}}, {"model": "counts.warehouse", "pk": 238, "fields": {"date": "2022-04-28", "time_window": "AM", "substitutions": [15, 16, 17, 18, 21], "out": [], "additions": []}}, {"model": "counts.warehouse", "pk": 239, "fields": {"date": "2022-04-28", "time_window": "PM", "substitutions": [15, 16, 17, 18, 22], "out": [], "additions": []}}, {"model": "counts.warehouse", "pk": 240, "fields": {"date": "2022-04-29", "time_window": "AM", "substitutions": [15, 16, 17, 18, 22], "out": [], "additions": []}}, {"model": "counts.warehouse", "pk": 241, "fields": {"date": "2022-04-29", "time_window": "PM", "substitutions": [15, 16, 17, 18, 22], "out": [], "additions": []}}, {"model": "counts.warehouse", "pk": 242, "fields": {"date": "2022-05-02", "time_window": "AM", "substitutions": [15, 16, 17, 18, 22], "out": [], "additions": []}}, {"model": "counts.warehouse", "pk": 243, "fields": {"date": "2022-05-02", "time_window": "PM", "substitutions": [15, 16, 17, 18, 21], "out": [], "additions": []}}, {"model": "counts.warehouse", "pk": 244, "fields": {"date": "2022-05-03", "time_window": "AM", "substitutions": [15, 16, 17, 18, 22], "out": [], "additions": []}}, {"model": "counts.warehouse", "pk": 245, "fields": {"date": "2022-05-03", "time_window": "PM", "substitutions": [15, 16, 17, 18, 22], "out": [], "additions": []}}, {"model": "counts.warehouse", "pk": 246, "fields": {"date": "2022-05-04", "time_window": "AM", "substitutions": [15, 16, 17, 18, 22], "out": [], "additions": []}}, {"model": "counts.warehouse", "pk": 247, "fields": {"date": "2022-05-04", "time_window": "PM", "substitutions": [15, 16, 17, 18, 19, 22], "out": [], "additions": []}}, {"model": "counts.warehouse", "pk": 248, "fields": {"date": "2022-05-05", "time_window": "AM", "substitutions": [15, 16, 17, 18, 19, 21], "out": [], "additions": []}}, {"model": "counts.warehouse", "pk": 249, "fields": {"date": "2022-05-05", "time_window": "PM", "substitutions": [15, 16, 17, 18, 19, 21], "out": [], "additions": []}}, {"model": "counts.warehouse", "pk": 250, "fields": {"date": "2022-05-06", "time_window": "AM", "substitutions": [15, 16, 17, 18, 19, 21], "out": [], "additions": []}}, {"model": "counts.warehouse", "pk": 251, "fields": {"date": "2022-05-06", "time_window": "PM", "substitutions": [15, 16, 17, 18, 19, 21], "out": [], "additions": []}}, {"model": "counts.warehouse", "pk": 252, "fields": {"date": "2022-05-06", "time_window": "HAZEL", "substitutions": [15, 16, 17, 18, 19, 22], "out": [12], "additions": []}}, {"model": "counts.warehouse", "pk": 253, "fields": {"date": "2022-05-09", "time_window": "AM", "substitutions": [15, 16, 17, 18, 19, 22], "out": [12], "additions": []}}, {"model": "counts.warehouse", "pk": 254, "fields": {"date": "2022-05-09", "time_window": "PM", "substitutions": [15, 16, 17, 18, 19, 22], "out": [], "additions": []}}, {"model": "counts.warehouse", "pk": 255, "fields": {"date": "2022-05-10", "time_window": "PM", "substitutions": [15, 16, 17, 18, 19, 22], "out": [12], "additions": []}}, {"model": "counts.warehouse", "pk": 256, "fields": {"date": "2022-05-11", "time_window": "AM", "substitutions": [15, 16, 17, 18, 19, 22], "out": [12], "additions": []}}, {"model": "counts.warehouse", "pk": 257, "fields": {"date": "2022-05-11", "time_window": "PM", "substitutions": [15, 16, 17, 18, 19, 22], "out": [12], "additions": []}}, {"model": "counts.warehouse", "pk": 258, "fields": {"date": "2022-05-12", "time_window": "AM", "substitutions": [15, 16, 17, 18, 19, 21], "out": [12], "additions": []}}, {"model": "counts.warehouse", "pk": 259, "fields": {"date": "2022-05-12", "time_window": "PM", "substitutions": [15, 16, 17, 18, 19, 21], "out": [12], "additions": []}}, {"model": "counts.warehouse", "pk": 260, "fields": {"date": "2022-05-13", "time_window": "AM", "substitutions": [15, 16, 17, 18, 19, 21], "out": [12], "additions": []}}, {"model": "counts.warehouse", "pk": 261, "fields": {"date": "2022-05-13", "time_window": "PM", "substitutions": [15, 16, 17, 18, 19, 21], "out": [12], "additions": []}}, {"model": "counts.warehouse", "pk": 262, "fields": {"date": "2022-05-16", "time_window": "AM", "substitutions": [15, 16, 17, 18, 22], "out": [12], "additions": []}}, {"model": "counts.warehouse", "pk": 263, "fields": {"date": "2022-05-16", "time_window": "PM", "substitutions": [15, 16, 17, 18, 22], "out": [12], "additions": []}}, {"model": "counts.warehouse", "pk": 264, "fields": {"date": "2022-05-17", "time_window": "AM", "substitutions": [15, 16, 17, 18, 22], "out": [15], "additions": []}}, {"model": "counts.warehouse", "pk": 265, "fields": {"date": "2022-05-17", "time_window": "PM", "substitutions": [15, 16, 17, 18, 22], "out": [15], "additions": []}}, {"model": "counts.warehouse", "pk": 266, "fields": {"date": "2022-05-18", "time_window": "AM", "substitutions": [15, 16, 17, 18, 21], "out": [15], "additions": []}}, {"model": "counts.warehouse", "pk": 267, "fields": {"date": "2022-05-18", "time_window": "PM", "substitutions": [15, 16, 17, 18, 21], "out": [15], "additions": []}}, {"model": "counts.warehouse", "pk": 268, "fields": {"date": "2022-05-19", "time_window": "AM", "substitutions": [15, 16, 17, 18, 21], "out": [15], "additions": []}}, {"model": "counts.warehouse", "pk": 269, "fields": {"date": "2022-05-19", "time_window": "PM", "substitutions": [15, 16, 17, 18, 22], "out": [15], "additions": []}}, {"model": "counts.warehouse", "pk": 270, "fields": {"date": "2022-05-20", "time_window": "AM", "substitutions": [15, 16, 17, 18, 22], "out": [15], "additions": []}}, {"model": "counts.warehouse", "pk": 271, "fields": {"date": "2022-05-20", "time_window": "PM", "substitutions": [16, 17, 18, 22], "out": [15], "additions": []}}, {"model": "counts.warehouse", "pk": 272, "fields": {"date": "2022-05-18", "time_window": "", "substitutions": [15, 16, 17, 18, 22], "out": [15], "additions": []}}, {"model": "counts.warehouse", "pk": 273, "fields": {"date": "2022-05-23", "time_window": "AM", "substitutions": [15, 16, 17, 18, 22], "out": [15], "additions": []}}, {"model": "counts.warehouse", "pk": 274, "fields": {"date": "2022-05-23", "time_window": "PM", "substitutions": [15, 16, 17, 18, 22], "out": [15], "additions": []}}, {"model": "counts.warehouse", "pk": 275, "fields": {"date": "2022-05-24", "time_window": "PM", "substitutions": [15, 16, 17, 18, 22], "out": [15], "additions": []}}, {"model": "counts.warehouse", "pk": 276, "fields": {"date": "2022-05-25", "time_window": "PM", "substitutions": [15, 16, 17, 18, 22], "out": [15], "additions": []}}, {"model": "counts.warehouse", "pk": 277, "fields": {"date": "2022-05-25", "time_window": "AM", "substitutions": [15, 16, 17, 18, 22], "out": [15], "additions": []}}, {"model": "counts.warehouse", "pk": 278, "fields": {"date": "2022-05-27", "time_window": "AM", "substitutions": [15, 16, 17, 18, 22], "out": [15], "additions": []}}, {"model": "counts.warehouse", "pk": 279, "fields": {"date": "2022-05-27", "time_window": "PM", "substitutions": [], "out": [], "additions": []}}, {"model": "counts.warehouse", "pk": 280, "fields": {"date": "2022-05-26", "time_window": "PM", "substitutions": [15, 16, 17, 18, 22], "out": [15], "additions": []}}, {"model": "counts.warehouse", "pk": 281, "fields": {"date": "2022-05-26", "time_window": "AM", "substitutions": [15, 16, 17, 18, 22], "out": [15], "additions": []}}, {"model": "counts.warehouse", "pk": 282, "fields": {"date": "2025-05-25", "time_window": "PM", "substitutions": [15, 16, 17, 18, 22], "out": [15], "additions": []}}, {"model": "counts.warehouse", "pk": 283, "fields": {"date": "2022-05-31", "time_window": "AM", "substitutions": [14, 15, 16, 17, 21], "out": [15], "additions": []}}, {"model": "counts.warehouse", "pk": 284, "fields": {"date": "2022-05-31", "time_window": "PM", "substitutions": [15, 16, 17, 18, 22], "out": [15], "additions": []}}, {"model": "counts.warehouse", "pk": 285, "fields": {"date": "2022-06-01", "time_window": "AM", "substitutions": [1, 15, 16, 17, 18, 22], "out": [15], "additions": []}}, {"model": "counts.warehouse", "pk": 286, "fields": {"date": "2022-06-01", "time_window": "PM", "substitutions": [1, 15, 16, 17, 18, 22], "out": [15], "additions": []}}, {"model": "counts.warehouse", "pk": 287, "fields": {"date": "2022-06-02", "time_window": "AM", "substitutions": [1, 15, 16, 17, 18, 22], "out": [15], "additions": []}}, {"model": "counts.warehouse", "pk": 288, "fields": {"date": "2022-06-02", "time_window": "PM", "substitutions": [1, 15, 16, 17, 18, 22], "out": [15], "additions": []}}, {"model": "counts.warehouse", "pk": 289, "fields": {"date": "2022-06-03", "time_window": "AM", "substitutions": [1, 15, 16, 17, 18, 22], "out": [15], "additions": []}}, {"model": "counts.warehouse", "pk": 290, "fields": {"date": "2022-06-03", "time_window": "PM", "substitutions": [1, 15, 16, 17, 18, 22], "out": [15], "additions": []}}, {"model": "counts.warehouse", "pk": 291, "fields": {"date": "2022-06-03", "time_window": "", "substitutions": [1, 15, 16, 17, 18, 22], "out": [], "additions": []}}, {"model": "counts.warehouse", "pk": 292, "fields": {"date": "2022-06-06", "time_window": "PM", "substitutions": [1, 15, 16, 17, 18, 22], "out": [15], "additions": []}}, {"model": "counts.warehouse", "pk": 293, "fields": {"date": "2022-06-06", "time_window": "AM", "substitutions": [1, 15, 16, 17, 18, 22], "out": [15], "additions": []}}, {"model": "counts.warehouse", "pk": 294, "fields": {"date": "2022-06-07", "time_window": "AM", "substitutions": [1, 15, 16, 17, 18, 22], "out": [], "additions": []}}, {"model": "counts.warehouse", "pk": 295, "fields": {"date": "2022-06-07", "time_window": "PM", "substitutions": [1, 15, 16, 17, 18, 22], "out": [], "additions": []}}, {"model": "counts.warehouse", "pk": 296, "fields": {"date": "2022-06-08", "time_window": "AM", "substitutions": [1, 15, 16, 17, 18, 22], "out": [15], "additions": []}}, {"model": "counts.warehouse", "pk": 297, "fields": {"date": "2022-06-08", "time_window": "PM", "substitutions": [1, 15, 16, 17, 18, 22], "out": [15], "additions": []}}, {"model": "counts.warehouse", "pk": 298, "fields": {"date": "2022-06-09", "time_window": "PM", "substitutions": [], "out": [], "additions": []}}, {"model": "counts.warehouse", "pk": 299, "fields": {"date": "2022-06-13", "time_window": "AM", "substitutions": [1, 15, 16, 17, 18, 22], "out": [], "additions": []}}, {"model": "counts.warehouse", "pk": 300, "fields": {"date": "2022-06-13", "time_window": "PM", "substitutions": [1, 15, 16, 17, 18, 22], "out": [], "additions": []}}, {"model": "counts.warehouse", "pk": 301, "fields": {"date": "2022-06-14", "time_window": "AM", "substitutions": [1, 15, 16, 17, 18, 22], "out": [], "additions": []}}, {"model": "counts.warehouse", "pk": 302, "fields": {"date": "2022-06-14", "time_window": "PM", "substitutions": [1, 15, 16, 17, 18, 22], "out": [], "additions": []}}, {"model": "counts.warehouse", "pk": 303, "fields": {"date": "2022-06-15", "time_window": "AM", "substitutions": [1, 15, 16, 17, 18, 22], "out": [], "additions": []}}, {"model": "counts.warehouse", "pk": 304, "fields": {"date": "2022-06-15", "time_window": "PM", "substitutions": [1, 15, 16, 17, 18, 22], "out": [], "additions": []}}, {"model": "counts.warehouse", "pk": 305, "fields": {"date": "2022-06-17", "time_window": "AM", "substitutions": [15, 16, 17, 18, 21], "out": [], "additions": []}}, {"model": "counts.warehouse", "pk": 306, "fields": {"date": "2022-06-17", "time_window": "PM", "substitutions": [15, 16, 17, 18, 20], "out": [], "additions": []}}, {"model": "counts.warehouse", "pk": 307, "fields": {"date": "2022-06-20", "time_window": "AM", "substitutions": [4, 15, 16, 17, 18, 22], "out": [], "additions": []}}, {"model": "counts.warehouse", "pk": 308, "fields": {"date": "2022-06-20", "time_window": "PM", "substitutions": [4, 15, 16, 17, 18, 20], "out": [], "additions": []}}, {"model": "counts.warehouse", "pk": 309, "fields": {"date": "2022-06-21", "time_window": "AM", "substitutions": [4, 15, 16, 22], "out": [], "additions": []}}, {"model": "counts.warehouse", "pk": 310, "fields": {"date": "2022-06-21", "time_window": "PM", "substitutions": [15, 20, 22], "out": [], "additions": []}}, {"model": "counts.warehouse", "pk": 311, "fields": {"date": "2022-06-22", "time_window": "AM", "substitutions": [15, 16, 22], "out": [], "additions": []}}, {"model": "counts.warehouse", "pk": 312, "fields": {"date": "2022-06-22", "time_window": "PM", "substitutions": [15, 16, 22], "out": [], "additions": []}}, {"model": "counts.invoice", "pk": 1, "fields": {"pulled_date": "2022-04-08", "start_date": "2022-03-01", "end_date": "2022-04-05"}}, {"model": "counts.invoice", "pk": 2, "fields": {"pulled_date": "2022-05-31", "start_date": "2022-04-06", "end_date": "2022-04-30"}}, {"model": "counts.invoice", "pk": 3, "fields": {"pulled_date": "2022-05-31", "start_date": "2022-05-01", "end_date": "2022-05-16"}}, {"model": "counts.invoice", "pk": 4, "fields": {"pulled_date": "2022-05-31", "start_date": "2022-05-17", "end_date": "2022-05-22"}}, {"model": "counts.invoice", "pk": 5, "fields": {"pulled_date": "2022-05-31", "start_date": "2022-05-23", "end_date": "2022-05-26"}}, {"model": "counts.invoice", "pk": 6, "fields": {"pulled_date": "2022-05-31", "start_date": "2022-05-31", "end_date": "2022-05-31"}}, {"model": "counts.invoice", "pk": 7, "fields": {"pulled_date": "2022-05-31", "start_date": "2022-05-27", "end_date": "2022-05-27"}}, {"model": "counts.invoice", "pk": 8, "fields": {"pulled_date": "2022-05-31", "start_date": "2022-05-16", "end_date": "2022-05-16"}}, {"model": "counts.invoice", "pk": 9, "fields": {"pulled_date": "2022-06-16", "start_date": "2022-06-01", "end_date": "2022-06-16"}}]